identifier,1671119939,1671120539,1671121139,1671121739,1671122339,1671122939,1671123539,1671124139,1671124739,1671125339,1671125939,1671126539,1671127139,1671127739,1671128339,1671128939,1671129539,1671130139,1671130739
go_gc_duration_seconds&catalogue:80&catalogue&0,0.000275251,0.000275251,0.000275251,0.000277461,0.00027205,0.00027205,0.00027205,0.00027205,0.00027205,0.00027205,0.00028189100000000004,0.00028189100000000004,0.00028189100000000004,0.00028189100000000004,0.00028189100000000004,0.00028408000000000003,0.00028408000000000003,0.000280211,0.000280211
go_gc_duration_seconds&catalogue:80&catalogue&0.25,0.00030873,0.000307801,0.00030734100000000004,0.000305851,0.00030532000000000004,0.00030628000000000003,0.000307101,0.00030781,0.0003105,0.00030972000000000004,0.00031035000000000004,0.0003111,0.00031061,0.0003105,0.000309911,0.000309911,0.00031012000000000005,0.00030857000000000004,0.000308961
go_gc_duration_seconds&catalogue:80&catalogue&0.5,0.000323911,0.00032493,0.00032282000000000003,0.00032282000000000003,0.00032423,0.000324462,0.000324131,0.000325982,0.00032649100000000004,0.00032636000000000004,0.000326471,0.00032738200000000003,0.000328651,0.00032778,0.000326941,0.00032610100000000003,0.00032592,0.00032592,0.00032651
go_gc_duration_seconds&catalogue:80&catalogue&0.75,0.00034116100000000004,0.00033896,0.000338291,0.000337231,0.000337231,0.000339341,0.000339111,0.00034198100000000004,0.000343311,0.000343311,0.00034453,0.00034424,0.00034496200000000004,0.000343721,0.00034104100000000004,0.00034033,0.000339421,0.000340871,0.00034119
go_gc_duration_seconds&catalogue:80&catalogue&1,0.000517931,0.000517931,0.000592511,0.000592511,0.000592511,0.000592511,0.000592511,0.000592511,0.000592511,0.000491491,0.000491491,0.000491491,0.000677731,0.000677731,0.000677731,0.000677731,0.000677731,0.000677731,0.0005260600000000001
go_gc_duration_seconds&payment:80&payment&0,0.0002883,0.0002883,0.000278731,0.000278731,0.000278731,0.000278731,0.000278731,0.000278731,0.000289291,0.000289291,0.00029091100000000003,0.00028528,0.00028528,0.000277141,0.000277141,0.000277141,0.000277141,0.000277141,0.000277141
go_gc_duration_seconds&payment:80&payment&0.25,0.00031193000000000003,0.00031152,0.000313681,0.000313681,0.00031090100000000004,0.00030952000000000003,0.00030952000000000003,0.00030952000000000003,0.00030945,0.000308941,0.000308741,0.000307811,0.00030700000000000004,0.00030704100000000003,0.000305801,0.000305852,0.00030555100000000004,0.00030625000000000004,0.00030714100000000003
go_gc_duration_seconds&payment:80&payment&0.5,0.00032598100000000004,0.00032598100000000004,0.00032693100000000003,0.00032735,0.00032735,0.000326561,0.00032628100000000004,0.00032628100000000004,0.000325652,0.00032507,0.000325381,0.000324951,0.00032235200000000003,0.00032153000000000005,0.00032127,0.00032096100000000003,0.00031958100000000004,0.00032096100000000003,0.00032159
go_gc_duration_seconds&payment:80&payment&0.75,0.00033803100000000003,0.000337101,0.000337621,0.000339671,0.000340691,0.00034040000000000003,0.000340742,0.0003413,0.00034177000000000003,0.00034040000000000003,0.00034054100000000003,0.000337631,0.000336202,0.000335251,0.000335251,0.000334401,0.000333561,0.00033420000000000005,0.00033754200000000003
go_gc_duration_seconds&payment:80&payment&1,0.000505612,0.000505612,0.00053418,0.00053418,0.0008747910000000001,0.0008747910000000001,0.0008747910000000001,0.0008747910000000001,0.0008747910000000001,0.0008747910000000001,0.000483812,0.000483812,0.000483812,0.000498182,0.000498182,0.000498182,0.000501582,0.000501582,0.000501582
go_gc_duration_seconds&user:80&user&0,0.000282891,0.000282891,0.000282891,0.000282891,0.000286221,0.000286221,0.00028498,0.000283341,0.000283341,0.000283341,0.000283341,0.000283341,0.00028639100000000004,0.000283909,0.000283909,0.000283909,0.000283909,0.000283909,0.00028775000000000003
go_gc_duration_seconds&user:80&user&0.25,0.00031608,0.000315161,0.00031438200000000004,0.00031541100000000003,0.00031672000000000004,0.000317981,0.00031828,0.000318571,0.00031937100000000004,0.000318571,0.000318571,0.000318681,0.000318101,0.000319021,0.000320561,0.00032126100000000004,0.000319021,0.00031803,0.000317641
go_gc_duration_seconds&user:80&user&0.5,0.00033290200000000005,0.00033028100000000003,0.00033211000000000004,0.00033214100000000004,0.00033394,0.00033437,0.000334941,0.00033414100000000004,0.0003354,0.000333991,0.000334541,0.00033477100000000004,0.00033468100000000003,0.000335671,0.00033569000000000003,0.000335671,0.000335671,0.00033477100000000004,0.00033415100000000003
go_gc_duration_seconds&user:80&user&0.75,0.000373321,0.000368561,0.000368561,0.000368561,0.00037486100000000004,0.00036859,0.0003702,0.00036617100000000004,0.00036617100000000004,0.00036399200000000005,0.00036428100000000004,0.00036229100000000005,0.00036145100000000005,0.00036229100000000005,0.00036326,0.00036326,0.000365401,0.00036766100000000003,0.000367721
go_gc_duration_seconds&user:80&user&1,0.0006884030000000001,0.000624781,0.000624781,0.000595991,0.000595991,0.000595991,0.0005722020000000001,0.0005722020000000001,0.0005722020000000001,0.0005722020000000001,0.000502112,0.000502112,0.000502112,0.000502112,0.000502112,0.0004911210000000001,0.0004911210000000001,0.000509191,0.000509191
go_goroutines&catalogue:80&catalogue,11,10,10,10,10,10,10,10,10,10,10,10,10,11,11,11,10,10,10
go_goroutines&payment:80&payment,12,11,11,12,12,11,11,11,11,12,11,11,11,11,11,11,11,12,11
go_goroutines&user:80&user,12,12,12,13,15,12,13,12,12,13,14,15,13,14,13,15,13,15,12
go_memstats_alloc_bytes&catalogue:80&catalogue,2072088,2065520,2066680,2068408,2070520,2064872,2066552,2068744,2068712,2154120,2071608,2078464,2130352,2076120,2066928,2069424,2075968,2078912,2085648
go_memstats_alloc_bytes&payment:80&payment,3778880,3775472,3780640,3777824,3779928,3778728,3780872,3781480,3793504,3797224,3793456,3791384,3793328,3801096,3797816,3801160,3796808,3807264,3802976
go_memstats_alloc_bytes&user:80&user,2202264,2277096,3134376,3185784,3994048,2208280,3183512,2276512,3209280,3193472,4035096,1352016,2282296,4002080,2203752,3104560,3188960,2192808,3704600
go_memstats_buck_hash_sys_bytes&catalogue:80&catalogue,1470782,1471142,1471398,1471614,1472550,1473278,1473534,1474534,1475230,1475702,1476118,1476582,1477374,1477830,1477830,1478046,1478270,1478998,1479670
go_memstats_buck_hash_sys_bytes&payment:80&payment,1470146,1471098,1471314,1472010,1472394,1473250,1473466,1473634,1474114,1474658,1475146,1475386,1475610,1475858,1476114,1476418,1476642,1477610,1477842
go_memstats_buck_hash_sys_bytes&user:80&user,1477512,1477776,1478248,1478904,1479648,1480648,1480648,1480912,1481584,1481848,1481848,1482024,1483440,1484992,1484992,1485616,1485616,1486272,1487008
go_memstats_frees_total&catalogue:80&catalogue,3892243,4059552,4226601,4393760,4560798,4728067,4895284,5062445,5229679,5396406,5563924,5731003,5898012,6065410,6232608,6399722,6566934,6734007,6901222
go_memstats_frees_total&payment:80&payment,3888579,4055788,4223029,4390279,4557378,4724447,4891678,5058806,5225967,5393066,5560309,5727406,5894493,6061574,6228760,6395795,6562987,6730251,6897473
go_memstats_frees_total&user:80&user,4036562,4209753,4382189,4555241,4728272,4903617,5075436,5249985,5422163,5595535,5767975,5944541,6116515,6288966,6463866,6636044,6809365,6984349,7158453
go_memstats_gc_sys_bytes&catalogue:80&catalogue,524288,524288,524288,524288,524288,524288,524288,524288,524288,524288,524288,524288,524288,524288,524288,524288,524288,524288,524288
go_memstats_gc_sys_bytes&payment:80&payment,524288,524288,524288,524288,524288,524288,524288,524288,524288,524288,524288,524288,524288,524288,524288,524288,524288,524288,524288
go_memstats_gc_sys_bytes&user:80&user,557056,557056,557056,557056,557056,557056,557056,557056,557056,557056,557056,557056,557056,557056,557056,557056,557056,557056,557056
go_memstats_heap_alloc_bytes&catalogue:80&catalogue,2072088,2065520,2066680,2068408,2070520,2064872,2066552,2068744,2068712,2154120,2071608,2078464,2130352,2076120,2066928,2069424,2075968,2078912,2085648
go_memstats_heap_alloc_bytes&payment:80&payment,3778880,3775472,3780640,3777824,3779928,3778728,3780872,3781480,3793504,3797224,3793456,3791384,3793328,3801096,3797816,3801160,3796808,3807264,3802976
go_memstats_heap_alloc_bytes&user:80&user,2202264,2277096,3134376,3185784,3994048,2208280,3183512,2276512,3209280,3193472,4035096,1352016,2282296,4002080,2203752,3104560,3188960,2192808,3704600
go_memstats_heap_idle_bytes&catalogue:80&catalogue,3276800,3284992,3268608,3284992,3342336,3325952,3317760,3284992,3317760,3162112,3325952,3268608,3186688,3276800,3293184,3219456,3284992,3276800,3244032
go_memstats_heap_idle_bytes&payment:80&payment,1581056,1581056,1572864,1531904,1589248,1597440,1581056,1556480,1548288,1556480,1589248,1556480,1548288,1548288,1540096,1556480,1556480,1556480,1564672
go_memstats_heap_idle_bytes&user:80&user,3956736,3874816,3080192,3022848,2686976,3964928,3006464,3858432,3022848,3055616,2785280,5382144,3932160,2760704,3997696,3137536,3072000,4030464,2981888
go_memstats_heap_inuse_bytes&catalogue:80&catalogue,2818048,2809856,2826240,2809856,2785280,2801664,2809856,2842624,2809856,2965504,2801664,2859008,2908160,2850816,2834432,2875392,2842624,2850816,2850816
go_memstats_heap_inuse_bytes&payment:80&payment,4481024,4481024,4489216,4497408,4472832,4464640,4481024,4505600,4513792,4505600,4472832,4505600,4513792,4513792,4521984,4505600,4505600,4505600,4497408
go_memstats_heap_inuse_bytes&user:80&user,2990080,3072000,3866624,3923968,4784128,3014656,3973120,3121152,3956736,3923968,4718592,2121728,3080192,4775936,3047424,3874816,3940352,2981888,4554752
go_memstats_heap_objects&catalogue:80&catalogue,12157,12146,12164,12191,12196,12126,12165,12185,12136,12578,12162,12221,12501,12144,12099,12127,12191,12231,12246
go_memstats_heap_objects&payment:80&payment,14202,14147,14172,14124,14181,14151,14156,14216,14244,14251,14231,14227,14190,14250,14185,14256,14216,14321,14295
go_memstats_heap_objects&user:80&user,12623,12933,13992,14006,14438,12663,13992,12917,14326,14111,14842,11833,12996,14212,12608,13609,13975,12492,11834
go_memstats_heap_released_bytes&catalogue:80&catalogue,0,0,0,0,0,0,0,0,155648,0,0,0,0,0,0,0,0,0,0
go_memstats_heap_released_bytes&payment:80&payment,0,0,0,0,0,0,0,0,0,0,0,0,0,0,0,0,0,0,0
go_memstats_heap_sys_bytes&catalogue:80&catalogue,6094848,6094848,6094848,6094848,6127616,6127616,6127616,6127616,6127616,6127616,6127616,6127616,6094848,6127616,6127616,6094848,6127616,6127616,6094848
go_memstats_heap_sys_bytes&payment:80&payment,6062080,6062080,6062080,6029312,6062080,6062080,6062080,6062080,6062080,6062080,6062080,6062080,6062080,6062080,6062080,6062080,6062080,6062080,6062080
go_memstats_heap_sys_bytes&user:80&user,6946816,6946816,6946816,6946816,7471104,6979584,6979584,6979584,6979584,6979584,7503872,7503872,7012352,7536640,7045120,7012352,7012352,7012352,7536640
go_memstats_last_gc_time_seconds&catalogue:80&catalogue,1671119932.2881453,1671120532.2876365,1671121132.288131,1671121732.2877622,1671122332.2875273,1671122932.2874475,1671123532.2877414,1671124132.2873554,1671124732.2873719,1671125332.2868145,1671125932.2866788,1671126532.2872844,1671127132.2867382,1671127732.2865596,1671128332.286279,1671128932.286333,1671129532.2861333,1671130132.286515,1671130732.285825
go_memstats_last_gc_time_seconds&payment:80&payment,1671119921.3991494,1671120521.3987634,1671121121.398525,1671121721.3985116,1671122321.398048,1671122921.3978853,1671123521.3977857,1671124121.3974226,1671124721.3974535,1671125321.3980975,1671125921.397056,1671126521.3971617,1671127121.3974378,1671127721.3975873,1671128321.3968313,1671128921.397053,1671129521.3965755,1671130121.3963244,1671130721.3964617
go_memstats_last_gc_time_seconds&user:80&user,1671119932.0529182,1671120532.0526667,1671121127.0526206,1671121727.0522854,1671122337.0517383,1671122932.0530245,1671123527.0525677,1671124132.051699,1671124727.0516386,1671125327.05131,1671125937.0513246,1671126536.444382,1671127132.0511842,1671127737.0517147,1671128332.0521069,1671128927.0520117,1671129527.0513694,1671130132.0510402,1671130737.0510914
go_memstats_lookups_total&catalogue:80&catalogue,22398,23358,24322,25282,26248,27210,28176,29139,30099,31064,32033,32994,33967,34937,35905,36871,37837,38827,39790
go_memstats_lookups_total&payment:80&payment,22356,23314,24274,25235,26194,27154,28115,29074,30034,30994,31955,32914,33874,34834,35795,36754,37715,38677,39637
go_memstats_lookups_total&user:80&user,26289,27407,28521,29630,30739,31851,32959,34078,35194,36307,37423,38534,39640,40773,41879,42983,44107,45230,46338
go_memstats_mallocs_total&catalogue:80&catalogue,3904400,4071698,4238765,4405951,4572994,4740193,4907449,5074630,5241815,5408984,5576086,5743224,5910513,6077554,6244707,6411849,6579125,6746238,6913468
go_memstats_mallocs_total&payment:80&payment,3902781,4069935,4237201,4404403,4571559,4738598,4905834,5073022,5240211,5407317,5574540,5741633,5908683,6075824,6242945,6410051,6577203,6744572,6911768
go_memstats_mallocs_total&user:80&user,4049185,4222686,4396181,4569247,4742710,4916280,5089428,5262902,5436489,5609646,5782817,5956374,6129511,6303178,6476474,6649653,6823340,6996841,7170287
go_memstats_mcache_inuse_bytes&catalogue:80&catalogue,19200,19200,19200,19200,19200,19200,19200,19200,19200,19200,19200,19200,19200,19200,19200,19200,19200,19200,19200
go_memstats_mcache_inuse_bytes&payment:80&payment,19200,19200,19200,19200,19200,19200,19200,19200,19200,19200,19200,19200,19200,19200,19200,19200,19200,19200,19200
go_memstats_mcache_inuse_bytes&user:80&user,19200,19200,19200,19200,19200,19200,19200,19200,19200,19200,19200,19200,19200,19200,19200,19200,19200,19200,19200
go_memstats_mcache_sys_bytes&catalogue:80&catalogue,32768,32768,32768,32768,32768,32768,32768,32768,32768,32768,32768,32768,32768,32768,32768,32768,32768,32768,32768
go_memstats_mcache_sys_bytes&payment:80&payment,32768,32768,32768,32768,32768,32768,32768,32768,32768,32768,32768,32768,32768,32768,32768,32768,32768,32768,32768
go_memstats_mcache_sys_bytes&user:80&user,32768,32768,32768,32768,32768,32768,32768,32768,32768,32768,32768,32768,32768,32768,32768,32768,32768,32768,32768
go_memstats_mspan_inuse_bytes&catalogue:80&catalogue,40640,40960,41760,40800,39520,39840,40640,41120,40640,41120,39840,40640,40800,40480,40640,41440,41120,40800,40800
go_memstats_mspan_inuse_bytes&payment:80&payment,40800,40800,41120,41440,40960,40480,40640,41280,41760,41600,40800,41120,41760,41920,41440,41280,41280,41120,41280
go_memstats_mspan_inuse_bytes&user:80&user,44320,44000,44640,44960,45280,44160,44960,44800,44960,43840,44320,42560,43360,44960,44160,44160,44320,43680,44480
go_memstats_mspan_sys_bytes&catalogue:80&catalogue,49152,49152,49152,49152,49152,49152,49152,49152,49152,49152,49152,49152,49152,49152,49152,49152,49152,49152,49152
go_memstats_mspan_sys_bytes&payment:80&payment,49152,49152,49152,49152,49152,49152,49152,49152,49152,49152,49152,49152,49152,49152,49152,49152,49152,49152,49152
go_memstats_mspan_sys_bytes&user:80&user,49152,49152,49152,49152,49152,49152,49152,49152,49152,49152,49152,49152,49152,49152,49152,49152,49152,49152,49152
go_memstats_next_gc_bytes&catalogue:80&catalogue,4194304,4194304,4194304,4194304,4194304,4194304,4194304,4194304,4194304,4194304,4194304,4194304,4194304,4194304,4194304,4194304,4194304,4194304,4194304
go_memstats_next_gc_bytes&payment:80&payment,4194304,4194304,4194304,4194304,4194304,4194304,4194304,4194304,4194304,4194304,4194304,4194304,4194304,4194304,4194304,4194304,4194304,4194304,4194304
go_memstats_next_gc_bytes&user:80&user,4194304,4194304,4194304,4194304,4194304,4194304,4194304,4194304,4194304,4194304,4194304,4194304,4194304,4194304,4194304,4194304,4194304,4194304,4194304
go_memstats_other_sys_bytes&catalogue:80&catalogue,3303354,3302994,3302738,3302522,3301586,3300858,3300602,3299602,3298906,3298434,3298018,3297554,3296762,3296306,3296306,3296090,3295866,3295138,3294466
go_memstats_other_sys_bytes&payment:80&payment,3828278,3827326,3827110,3826414,3826030,3825174,3824958,3824790,3824310,3823766,3823278,3823038,3822814,3822566,3822310,3822006,3821782,3820814,3820582
go_memstats_other_sys_bytes&user:80&user,3825008,3824744,3824272,3823616,3822872,3821872,3821872,3821608,3820936,3820672,3820672,3820496,3819080,3817528,3817528,3816904,3816904,3816248,3815512
go_memstats_stack_inuse_bytes&catalogue:80&catalogue,2293760,2293760,2293760,2293760,2260992,2260992,2260992,2260992,2260992,2260992,2260992,2260992,2293760,2260992,2260992,2293760,2260992,2260992,2293760
go_memstats_stack_inuse_bytes&payment:80&payment,2326528,2326528,2326528,2359296,2326528,2326528,2326528,2326528,2326528,2326528,2326528,2326528,2326528,2326528,2326528,2326528,2326528,2326528,2326528
go_memstats_stack_inuse_bytes&user:80&user,2490368,2490368,2490368,2490368,1966080,2457600,2457600,2457600,2457600,2457600,1933312,1933312,2424832,1900544,2392064,2424832,2424832,2424832,1900544
go_memstats_stack_sys_bytes&catalogue:80&catalogue,2293760,2293760,2293760,2293760,2260992,2260992,2260992,2260992,2260992,2260992,2260992,2260992,2293760,2260992,2260992,2293760,2260992,2260992,2293760
go_memstats_stack_sys_bytes&payment:80&payment,2326528,2326528,2326528,2359296,2326528,2326528,2326528,2326528,2326528,2326528,2326528,2326528,2326528,2326528,2326528,2326528,2326528,2326528,2326528
go_memstats_stack_sys_bytes&user:80&user,2490368,2490368,2490368,2490368,1966080,2457600,2457600,2457600,2457600,2457600,1933312,1933312,2424832,1900544,2392064,2424832,2424832,2424832,1900544
go_memstats_sys_bytes&catalogue:80&catalogue,13768952,13768952,13768952,13768952,13768952,13768952,13768952,13768952,13768952,13768952,13768952,13768952,13768952,13768952,13768952,13768952,13768952,13768952,13768952
go_memstats_sys_bytes&payment:80&payment,14293240,14293240,14293240,14293240,14293240,14293240,14293240,14293240,14293240,14293240,14293240,14293240,14293240,14293240,14293240,14293240,14293240,14293240,14293240
go_memstats_sys_bytes&user:80&user,15378680,15378680,15378680,15378680,15378680,15378680,15378680,15378680,15378680,15378680,15378680,15378680,15378680,15378680,15378680,15378680,15378680,15378680,15378680
heap&carts:80&cart,131072,131072,131072,131072,131072,131072,131072,131072,131072,131072,131072,131072,131072,131072,131072,131072,131072,131072,131072
heap&orders:80&orders,131072,131072,131072,131072,131072,131072,131072,131072,131072,131072,131072,131072,131072,131072,131072,131072,131072,131072,131072
heap&shipping:80&shipping,131072,131072,131072,131072,131072,131072,131072,131072,131072,131072,131072,131072,131072,131072,131072,131072,131072,131072,131072
heap_committed&carts:80&cart,131072,131072,131072,131072,131072,131072,131072,131072,131072,131072,131072,131072,131072,131072,131072,131072,131072,131072,131072
heap_committed&orders:80&orders,131072,131072,131072,131072,131072,131072,131072,131072,131072,131072,131072,131072,131072,131072,131072,131072,131072,131072,131072
heap_committed&shipping:80&shipping,131072,131072,131072,131072,131072,131072,131072,131072,131072,131072,131072,131072,131072,131072,131072,131072,131072,131072,131072
heap_init&carts:80&cart,65536,65536,65536,65536,65536,65536,65536,65536,65536,65536,65536,65536,65536,65536,65536,65536,65536,65536,65536
heap_init&orders:80&orders,65536,65536,65536,65536,65536,65536,65536,65536,65536,65536,65536,65536,65536,65536,65536,65536,65536,65536,65536
heap_init&shipping:80&shipping,65536,65536,65536,65536,65536,65536,65536,65536,65536,65536,65536,65536,65536,65536,65536,65536,65536,65536,65536
heap_used&carts:80&cart,65545,76809,88073,100361,111625,48133,59397,70661,81925,94213,105477,42010,53274,64538,75802,87066,98330,110618,47096
heap_used&orders:80&orders,86018,97282,109570,58543,69807,81071,92335,104623,52117,64405,75669,86933,98197,110485,58350,70638,81902,93166,104430
heap_used&shipping:80&shipping,89248,100512,59544,70808,82072,92312,103576,61712,72976,84240,94480,105744,63028,74292,85556,95796,107060,64580,75844
httpsessions_active&carts:80&cart,0,0,0,0,0,0,0,0,0,0,0,0,0,0,0,0,0,0,0
httpsessions_active&orders:80&orders,0,0,0,0,0,0,0,0,0,0,0,0,0,0,0,0,0,0,0
httpsessions_active&shipping:80&shipping,0,0,0,0,0,0,0,0,0,0,0,0,0,0,0,0,0,0,0
httpsessions_max&carts:80&cart,-1,-1,-1,-1,-1,-1,-1,-1,-1,-1,-1,-1,-1,-1,-1,-1,-1,-1,-1
httpsessions_max&orders:80&orders,-1,-1,-1,-1,-1,-1,-1,-1,-1,-1,-1,-1,-1,-1,-1,-1,-1,-1,-1
httpsessions_max&shipping:80&shipping,-1,-1,-1,-1,-1,-1,-1,-1,-1,-1,-1,-1,-1,-1,-1,-1,-1,-1,-1
instance_uptime&carts:80&cart,13978610,14578610,15178610,15778610,16378610,16978610,17578610,18178609,18778609,19378609,19978609,20578609,21178609,21778609,22378609,22978608,23578609,24178609,24778608
instance_uptime&orders:80&orders,13976573,14576573,15176573,15776572,16376572,16976573,17576572,18176573,18776573,19376572,19976572,20576572,21176572,21776572,22376572,22976572,23576571,24176571,24776571
instance_uptime&shipping:80&shipping,13983507,14583507,15183507,15783507,16383507,16983507,17583507,18183507,18783506,19383506,19983506,20583506,21183506,21783505,22383506,22983506,23583506,24183506,24783505
jvm_classes_loaded&carts:80&cart,7999,7999,7999,7999,7999,7999,7999,7999,7999,7999,7999,7999,7999,7999,7999,7999,7999,7999,7999
jvm_classes_loaded&orders:80&orders,8098,8098,8098,8098,8098,8098,8098,8098,8098,8098,8098,8098,8098,8098,8098,8098,8098,8098,8098
jvm_classes_loaded&shipping:80&shipping,7432,7432,7432,7432,7432,7432,7432,7432,7432,7432,7432,7432,7432,7432,7432,7432,7432,7432,7432
jvm_classes_loaded_total&carts:80&cart,8056,8056,8056,8056,8056,8056,8056,8056,8056,8056,8056,8056,8056,8056,8056,8056,8056,8056,8056
jvm_classes_loaded_total&orders:80&orders,8098,8098,8098,8098,8098,8098,8098,8098,8098,8098,8098,8098,8098,8098,8098,8098,8098,8098,8098
jvm_classes_loaded_total&shipping:80&shipping,7432,7432,7432,7432,7432,7432,7432,7432,7432,7432,7432,7432,7432,7432,7432,7432,7432,7432,7432
jvm_classes_unloaded_total&carts:80&cart,57,57,57,57,57,57,57,57,57,57,57,57,57,57,57,57,57,57,57
jvm_classes_unloaded_total&orders:80&orders,0,0,0,0,0,0,0,0,0,0,0,0,0,0,0,0,0,0,0
jvm_classes_unloaded_total&shipping:80&shipping,0,0,0,0,0,0,0,0,0,0,0,0,0,0,0,0,0,0,0
jvm_gc_collection_seconds_count&G1 Old Generation&carts:80&cart,0,0,0,0,0,0,0,0,0,0,0,0,0,0,0,0,0,0,0
jvm_gc_collection_seconds_count&G1 Old Generation&orders:80&orders,0,0,0,0,0,0,0,0,0,0,0,0,0,0,0,0,0,0,0
jvm_gc_collection_seconds_count&G1 Old Generation&shipping:80&shipping,0,0,0,0,0,0,0,0,0,0,0,0,0,0,0,0,0,0,0
jvm_gc_collection_seconds_count&G1 Young Generation&carts:80&cart,66,66,66,66,66,67,67,67,67,67,67,68,68,68,68,68,68,68,69
jvm_gc_collection_seconds_count&G1 Young Generation&orders:80&orders,64,64,64,65,65,65,65,65,66,66,66,66,66,66,67,67,67,67,67
jvm_gc_collection_seconds_count&G1 Young Generation&shipping:80&shipping,66,66,67,67,67,67,67,68,68,68,68,68,69,69,69,69,69,70,70
jvm_gc_collection_seconds_sum&G1 Old Generation&carts:80&cart,0,0,0,0,0,0,0,0,0,0,0,0,0,0,0,0,0,0,0
jvm_gc_collection_seconds_sum&G1 Old Generation&orders:80&orders,0,0,0,0,0,0,0,0,0,0,0,0,0,0,0,0,0,0,0
jvm_gc_collection_seconds_sum&G1 Old Generation&shipping:80&shipping,0,0,0,0,0,0,0,0,0,0,0,0,0,0,0,0,0,0,0
jvm_gc_collection_seconds_sum&G1 Young Generation&carts:80&cart,3.851,3.851,3.851,3.851,3.851,3.854,3.854,3.854,3.854,3.854,3.854,3.857,3.857,3.857,3.857,3.857,3.857,3.857,3.86
jvm_gc_collection_seconds_sum&G1 Young Generation&orders:80&orders,3.76,3.76,3.76,3.763,3.763,3.763,3.763,3.763,3.766,3.766,3.766,3.766,3.766,3.766,3.769,3.769,3.769,3.769,3.769
jvm_gc_collection_seconds_sum&G1 Young Generation&shipping:80&shipping,3.954,3.954,3.957,3.957,3.957,3.957,3.957,3.961,3.961,3.961,3.961,3.961,3.965,3.965,3.965,3.965,3.965,3.968,3.968
jvm_info&carts:80&cart&Oracle Corporation&1.8.0_111-internal-alpine-r0-b14,1,1,1,1,1,1,1,1,1,1,1,1,1,1,1,1,1,1,1
jvm_info&orders:80&orders&Oracle Corporation&1.8.0_111-internal-alpine-r0-b14,1,1,1,1,1,1,1,1,1,1,1,1,1,1,1,1,1,1,1
jvm_info&shipping:80&shipping&Oracle Corporation&1.8.0_111-internal-alpine-r0-b14,1,1,1,1,1,1,1,1,1,1,1,1,1,1,1,1,1,1,1
jvm_memory_bytes_committed&heap&carts:80&cart,134217728,134217728,134217728,134217728,134217728,134217728,134217728,134217728,134217728,134217728,134217728,134217728,134217728,134217728,134217728,134217728,134217728,134217728,134217728
jvm_memory_bytes_committed&heap&orders:80&orders,134217728,134217728,134217728,134217728,134217728,134217728,134217728,134217728,134217728,134217728,134217728,134217728,134217728,134217728,134217728,134217728,134217728,134217728,134217728
jvm_memory_bytes_committed&heap&shipping:80&shipping,134217728,134217728,134217728,134217728,134217728,134217728,134217728,134217728,134217728,134217728,134217728,134217728,134217728,134217728,134217728,134217728,134217728,134217728,134217728
jvm_memory_bytes_committed&nonheap&carts:80&cart,79904768,79970304,79970304,79970304,79970304,80101376,80166912,80166912,80166912,80166912,80166912,80166912,80166912,80166912,80166912,80166912,80166912,80166912,80166912
jvm_memory_bytes_committed&nonheap&orders:80&orders,80478208,80478208,80543744,80543744,80609280,80674816,80674816,80740352,80740352,80805888,80805888,80805888,80805888,80805888,80805888,80805888,80805888,80805888,80805888
jvm_memory_bytes_committed&nonheap&shipping:80&shipping,75530240,75530240,75595776,75661312,75661312,75726848,75726848,75726848,75726848,75792384,75792384,75792384,75792384,75792384,75792384,75792384,75792384,75792384,75792384
jvm_memory_bytes_used&heap&carts:80&cart,67118768,78653104,90187440,102770352,114304688,48240312,60823224,72357560,83891896,96474808,108009144,43019104,54553440,66087776,77622112,89156448,100690784,113273696,48226552
jvm_memory_bytes_used&heap&orders:80&orders,88082704,99617040,112199952,59948392,71482728,83017064,95599976,107134312,53368352,65951264,77485600,89019936,100554272,113137184,59750608,72333520,83867856,95402192,106936528
jvm_memory_bytes_used&heap&shipping:80&shipping,91390784,102925120,60973136,72507472,84041808,94527568,106061904,63193504,74727840,86262176,96747936,108282272,64541216,76075552,87609888,98095648,109629984,66129928,77664264
jvm_memory_bytes_used&nonheap&carts:80&cart,78241208,78238328,78281464,78293496,78210744,78345464,78362680,78302072,78311480,78313784,78313784,78284344,78232872,78265704,78271144,78279976,78285480,78286696,78280488
jvm_memory_bytes_used&nonheap&orders:80&orders,79165920,79156896,79164128,79162144,79190880,79181984,79190240,79201056,79201056,79275936,79275936,79306144,79311648,79297760,79301840,79292240,79304080,79308112,79290576
jvm_memory_bytes_used&nonheap&shipping:80&shipping,74119552,74166016,74202944,74202752,74192576,74251264,74254080,74242560,74247104,74313088,74313088,74313088,74255168,74260736,74219328,74220608,74228288,74229568,74229568
jvm_memory_pool_bytes_committed&carts:80&cart&Code Cache,28835840,28901376,28901376,28901376,28901376,29032448,29097984,29097984,29097984,29097984,29097984,29097984,29097984,29097984,29097984,29097984,29097984,29097984,29097984
jvm_memory_pool_bytes_committed&carts:80&cart&Compressed Class Space,5505024,5505024,5505024,5505024,5505024,5505024,5505024,5505024,5505024,5505024,5505024,5505024,5505024,5505024,5505024,5505024,5505024,5505024,5505024
jvm_memory_pool_bytes_committed&carts:80&cart&G1 Eden Space,81788928,81788928,81788928,81788928,81788928,81788928,81788928,81788928,81788928,81788928,81788928,81788928,81788928,81788928,81788928,81788928,81788928,81788928,81788928
jvm_memory_pool_bytes_committed&carts:80&cart&G1 Old Gen,51380224,51380224,51380224,51380224,51380224,51380224,51380224,51380224,51380224,51380224,51380224,51380224,51380224,51380224,51380224,51380224,51380224,51380224,51380224
jvm_memory_pool_bytes_committed&carts:80&cart&G1 Survivor Space,1048576,1048576,1048576,1048576,1048576,1048576,1048576,1048576,1048576,1048576,1048576,1048576,1048576,1048576,1048576,1048576,1048576,1048576,1048576
jvm_memory_pool_bytes_committed&carts:80&cart&Metaspace,45563904,45563904,45563904,45563904,45563904,45563904,45563904,45563904,45563904,45563904,45563904,45563904,45563904,45563904,45563904,45563904,45563904,45563904,45563904
jvm_memory_pool_bytes_committed&orders:80&orders&Code Cache,29360128,29360128,29425664,29425664,29491200,29556736,29556736,29622272,29622272,29687808,29687808,29687808,29687808,29687808,29687808,29687808,29687808,29687808,29687808
jvm_memory_pool_bytes_committed&orders:80&orders&Compressed Class Space,5505024,5505024,5505024,5505024,5505024,5505024,5505024,5505024,5505024,5505024,5505024,5505024,5505024,5505024,5505024,5505024,5505024,5505024,5505024
jvm_memory_pool_bytes_committed&orders:80&orders&G1 Eden Space,69206016,69206016,69206016,69206016,69206016,69206016,69206016,69206016,69206016,69206016,69206016,69206016,69206016,69206016,69206016,69206016,69206016,69206016,69206016
jvm_memory_pool_bytes_committed&orders:80&orders&G1 Old Gen,62914560,62914560,62914560,62914560,62914560,62914560,62914560,62914560,62914560,62914560,62914560,62914560,62914560,62914560,62914560,62914560,62914560,62914560,62914560
jvm_memory_pool_bytes_committed&orders:80&orders&G1 Survivor Space,2097152,2097152,2097152,2097152,2097152,2097152,2097152,2097152,2097152,2097152,2097152,2097152,2097152,2097152,2097152,2097152,2097152,2097152,2097152
jvm_memory_pool_bytes_committed&orders:80&orders&Metaspace,45613056,45613056,45613056,45613056,45613056,45613056,45613056,45613056,45613056,45613056,45613056,45613056,45613056,45613056,45613056,45613056,45613056,45613056,45613056
jvm_memory_pool_bytes_committed&shipping:80&shipping&Code Cache,27918336,27918336,27983872,28049408,28049408,28114944,28114944,28114944,28114944,28180480,28180480,28180480,28180480,28180480,28180480,28180480,28180480,28180480,28180480
jvm_memory_pool_bytes_committed&shipping:80&shipping&Compressed Class Space,5062656,5062656,5062656,5062656,5062656,5062656,5062656,5062656,5062656,5062656,5062656,5062656,5062656,5062656,5062656,5062656,5062656,5062656,5062656
jvm_memory_pool_bytes_committed&shipping:80&shipping&G1 Eden Space,56623104,56623104,56623104,56623104,56623104,56623104,56623104,58720256,58720256,58720256,58720256,58720256,58720256,58720256,58720256,58720256,58720256,57671680,57671680
jvm_memory_pool_bytes_committed&shipping:80&shipping&G1 Old Gen,71303168,71303168,71303168,71303168,71303168,71303168,71303168,70254592,70254592,70254592,70254592,70254592,70254592,70254592,70254592,70254592,70254592,71303168,71303168
jvm_memory_pool_bytes_committed&shipping:80&shipping&G1 Survivor Space,6291456,6291456,6291456,6291456,6291456,6291456,6291456,5242880,5242880,5242880,5242880,5242880,5242880,5242880,5242880,5242880,5242880,5242880,5242880
jvm_memory_pool_bytes_committed&shipping:80&shipping&Metaspace,42549248,42549248,42549248,42549248,42549248,42549248,42549248,42549248,42549248,42549248,42549248,42549248,42549248,42549248,42549248,42549248,42549248,42549248,42549248
jvm_memory_pool_bytes_max&carts:80&cart&Code Cache,251658240,251658240,251658240,251658240,251658240,251658240,251658240,251658240,251658240,251658240,251658240,251658240,251658240,251658240,251658240,251658240,251658240,251658240,251658240
jvm_memory_pool_bytes_max&carts:80&cart&Compressed Class Space,1073741824,1073741824,1073741824,1073741824,1073741824,1073741824,1073741824,1073741824,1073741824,1073741824,1073741824,1073741824,1073741824,1073741824,1073741824,1073741824,1073741824,1073741824,1073741824
jvm_memory_pool_bytes_max&carts:80&cart&G1 Eden Space,-1,-1,-1,-1,-1,-1,-1,-1,-1,-1,-1,-1,-1,-1,-1,-1,-1,-1,-1
jvm_memory_pool_bytes_max&carts:80&cart&G1 Old Gen,134217728,134217728,134217728,134217728,134217728,134217728,134217728,134217728,134217728,134217728,134217728,134217728,134217728,134217728,134217728,134217728,134217728,134217728,134217728
jvm_memory_pool_bytes_max&carts:80&cart&G1 Survivor Space,-1,-1,-1,-1,-1,-1,-1,-1,-1,-1,-1,-1,-1,-1,-1,-1,-1,-1,-1
jvm_memory_pool_bytes_max&carts:80&cart&Metaspace,-1,-1,-1,-1,-1,-1,-1,-1,-1,-1,-1,-1,-1,-1,-1,-1,-1,-1,-1
jvm_memory_pool_bytes_max&orders:80&orders&Code Cache,251658240,251658240,251658240,251658240,251658240,251658240,251658240,251658240,251658240,251658240,251658240,251658240,251658240,251658240,251658240,251658240,251658240,251658240,251658240
jvm_memory_pool_bytes_max&orders:80&orders&Compressed Class Space,1073741824,1073741824,1073741824,1073741824,1073741824,1073741824,1073741824,1073741824,1073741824,1073741824,1073741824,1073741824,1073741824,1073741824,1073741824,1073741824,1073741824,1073741824,1073741824
jvm_memory_pool_bytes_max&orders:80&orders&G1 Eden Space,-1,-1,-1,-1,-1,-1,-1,-1,-1,-1,-1,-1,-1,-1,-1,-1,-1,-1,-1
jvm_memory_pool_bytes_max&orders:80&orders&G1 Old Gen,134217728,134217728,134217728,134217728,134217728,134217728,134217728,134217728,134217728,134217728,134217728,134217728,134217728,134217728,134217728,134217728,134217728,134217728,134217728
jvm_memory_pool_bytes_max&orders:80&orders&G1 Survivor Space,-1,-1,-1,-1,-1,-1,-1,-1,-1,-1,-1,-1,-1,-1,-1,-1,-1,-1,-1
jvm_memory_pool_bytes_max&orders:80&orders&Metaspace,-1,-1,-1,-1,-1,-1,-1,-1,-1,-1,-1,-1,-1,-1,-1,-1,-1,-1,-1
jvm_memory_pool_bytes_max&shipping:80&shipping&Code Cache,251658240,251658240,251658240,251658240,251658240,251658240,251658240,251658240,251658240,251658240,251658240,251658240,251658240,251658240,251658240,251658240,251658240,251658240,251658240
jvm_memory_pool_bytes_max&shipping:80&shipping&Compressed Class Space,1073741824,1073741824,1073741824,1073741824,1073741824,1073741824,1073741824,1073741824,1073741824,1073741824,1073741824,1073741824,1073741824,1073741824,1073741824,1073741824,1073741824,1073741824,1073741824
jvm_memory_pool_bytes_max&shipping:80&shipping&G1 Eden Space,-1,-1,-1,-1,-1,-1,-1,-1,-1,-1,-1,-1,-1,-1,-1,-1,-1,-1,-1
jvm_memory_pool_bytes_max&shipping:80&shipping&G1 Old Gen,134217728,134217728,134217728,134217728,134217728,134217728,134217728,134217728,134217728,134217728,134217728,134217728,134217728,134217728,134217728,134217728,134217728,134217728,134217728
jvm_memory_pool_bytes_max&shipping:80&shipping&G1 Survivor Space,-1,-1,-1,-1,-1,-1,-1,-1,-1,-1,-1,-1,-1,-1,-1,-1,-1,-1,-1
jvm_memory_pool_bytes_max&shipping:80&shipping&Metaspace,-1,-1,-1,-1,-1,-1,-1,-1,-1,-1,-1,-1,-1,-1,-1,-1,-1,-1,-1
jvm_memory_pool_bytes_used&carts:80&cart&Code Cache,28516416,28513536,28556672,28568704,28485952,28620672,28637888,28577280,28586688,28588992,28588992,28559552,28507776,28540608,28546048,28554880,28560384,28561600,28555392
jvm_memory_pool_bytes_used&carts:80&cart&Compressed Class Space,5266384,5266384,5266384,5266384,5266384,5266384,5266384,5266384,5266384,5266384,5266384,5266384,5266384,5266384,5266384,5266384,5266384,5266384,5266384
jvm_memory_pool_bytes_used&carts:80&cart&G1 Eden Space,26214400,37748736,49283072,61865984,73400320,7340032,19922944,31457280,42991616,55574528,67108864,2097152,13631488,25165824,36700160,48234496,59768832,72351744,7340032
jvm_memory_pool_bytes_used&carts:80&cart&G1 Old Gen,39855792,39855792,39855792,39855792,39855792,39851704,39851704,39851704,39851704,39851704,39851704,39873376,39873376,39873376,39873376,39873376,39873376,39873376,39837944
jvm_memory_pool_bytes_used&carts:80&cart&G1 Survivor Space,1048576,1048576,1048576,1048576,1048576,1048576,1048576,1048576,1048576,1048576,1048576,1048576,1048576,1048576,1048576,1048576,1048576,1048576,1048576
jvm_memory_pool_bytes_used&carts:80&cart&Metaspace,44458408,44458408,44458408,44458408,44458408,44458408,44458408,44458408,44458408,44458408,44458408,44458408,44458712,44458712,44458712,44458712,44458712,44458712,44458712
jvm_memory_pool_bytes_used&orders:80&orders&Code Cache,29054208,29045184,29052416,29050432,29079168,29070272,29078528,29089344,29089344,29164224,29164224,29194432,29199936,29186048,29189760,29180160,29192000,29196032,29178496
jvm_memory_pool_bytes_used&orders:80&orders&Compressed Class Space,5324424,5324424,5324424,5324424,5324424,5324424,5324424,5324424,5324424,5324424,5324424,5324424,5324424,5324424,5324424,5324424,5324424,5324424,5324424
jvm_memory_pool_bytes_used&orders:80&orders&G1 Eden Space,35651584,47185920,59768832,7340032,18874368,30408704,42991616,54525952,1048576,13631488,25165824,36700160,48234496,60817408,7340032,19922944,31457280,42991616,54525952
jvm_memory_pool_bytes_used&orders:80&orders&G1 Old Gen,50333968,50333968,50333968,50511208,50511208,50511208,50511208,50511208,50222624,50222624,50222624,50222624,50222624,50222624,50313424,50313424,50313424,50313424,50313424
jvm_memory_pool_bytes_used&orders:80&orders&G1 Survivor Space,2097152,2097152,2097152,2097152,2097152,2097152,2097152,2097152,2097152,2097152,2097152,2097152,2097152,2097152,2097152,2097152,2097152,2097152,2097152
jvm_memory_pool_bytes_used&orders:80&orders&Metaspace,44787288,44787288,44787288,44787288,44787288,44787288,44787288,44787288,44787288,44787288,44787288,44787288,44787288,44787288,44787656,44787656,44787656,44787656,44787656
jvm_memory_pool_bytes_used&shipping:80&shipping&Code Cache,27631168,27677632,27714560,27714368,27704192,27762880,27765696,27754176,27758720,27824704,27824704,27824704,27766784,27772352,27730944,27732224,27739904,27741184,27741184
jvm_memory_pool_bytes_used&shipping:80&shipping&Compressed Class Space,4885376,4885376,4885376,4885376,4885376,4885376,4885376,4885376,4885376,4885376,4885376,4885376,4885376,4885376,4885376,4885376,4885376,4885376,4885376
jvm_memory_pool_bytes_used&shipping:80&shipping&G1 Eden Space,31457280,42991616,1048576,12582912,24117248,34603008,46137344,4194304,15728640,27262976,37748736,49283072,5242880,16777216,28311552,38797312,50331648,6291456,17825792
jvm_memory_pool_bytes_used&shipping:80&shipping&G1 Old Gen,53642048,53642048,53633104,53633104,53633104,53633104,53633104,53756320,53756320,53756320,53756320,53756320,54055456,54055456,54055456,54055456,54055456,54595592,54595592
jvm_memory_pool_bytes_used&shipping:80&shipping&G1 Survivor Space,6291456,6291456,6291456,6291456,6291456,6291456,6291456,5242880,5242880,5242880,5242880,5242880,5242880,5242880,5242880,5242880,5242880,5242880,5242880
jvm_memory_pool_bytes_used&shipping:80&shipping&Metaspace,41603008,41603008,41603008,41603008,41603008,41603008,41603008,41603008,41603008,41603008,41603008,41603008,41603008,41603008,41603008,41603008,41603008,41603008,41603008
jvm_threads_current&carts:80&cart,23,23,23,23,23,23,23,23,23,23,23,23,23,23,23,23,23,23,23
jvm_threads_current&orders:80&orders,23,23,23,23,23,23,23,23,23,23,23,23,23,23,23,23,23,23,23
jvm_threads_current&shipping:80&shipping,21,21,21,21,21,21,21,21,21,21,21,21,21,21,21,21,21,21,21
jvm_threads_daemon&carts:80&cart,21,21,21,21,21,21,21,21,21,21,21,21,21,21,21,21,21,21,21
jvm_threads_daemon&orders:80&orders,21,21,21,21,21,21,21,21,21,21,21,21,21,21,21,21,21,21,21
jvm_threads_daemon&shipping:80&shipping,19,19,19,19,19,19,19,19,19,19,19,19,19,19,19,19,19,19,19
jvm_threads_deadlocked&carts:80&cart,0,0,0,0,0,0,0,0,0,0,0,0,0,0,0,0,0,0,0
jvm_threads_deadlocked&orders:80&orders,0,0,0,0,0,0,0,0,0,0,0,0,0,0,0,0,0,0,0
jvm_threads_deadlocked&shipping:80&shipping,0,0,0,0,0,0,0,0,0,0,0,0,0,0,0,0,0,0,0
jvm_threads_deadlocked_monitor&carts:80&cart,0,0,0,0,0,0,0,0,0,0,0,0,0,0,0,0,0,0,0
jvm_threads_deadlocked_monitor&orders:80&orders,0,0,0,0,0,0,0,0,0,0,0,0,0,0,0,0,0,0,0
jvm_threads_deadlocked_monitor&shipping:80&shipping,0,0,0,0,0,0,0,0,0,0,0,0,0,0,0,0,0,0,0
jvm_threads_peak&carts:80&cart,23,23,23,23,23,23,23,23,23,23,23,23,23,23,23,23,23,23,23
jvm_threads_peak&orders:80&orders,23,23,23,23,23,23,23,23,23,23,23,23,23,23,23,23,23,23,23
jvm_threads_peak&shipping:80&shipping,21,21,21,21,21,21,21,21,21,21,21,21,21,21,21,21,21,21,21
jvm_threads_started_total&carts:80&cart,30,30,30,30,30,30,30,30,30,30,30,30,30,30,30,30,30,30,30
jvm_threads_started_total&orders:80&orders,30,30,30,30,30,30,30,30,30,30,30,30,30,30,30,30,30,30,30
jvm_threads_started_total&shipping:80&shipping,28,28,28,28,28,28,28,28,28,28,28,28,28,28,28,28,28,28,28
mem&carts:80&cart,207479,207476,207518,207530,207449,207581,207598,207538,207548,207550,207550,207521,207471,207503,207508,207517,207522,207523,207517
mem&orders:80&orders,208382,208373,208380,208378,208406,208398,208406,208416,208416,208489,208489,208519,208524,208511,208515,208505,208517,208521,208504
mem&shipping:80&shipping,203454,203499,203535,203535,203525,203583,203585,203574,203578,203643,203643,203643,203586,203592,203551,203553,203560,203561,203561
mem_free&carts:80&cart,65000,53589,41974,30212,18974,82777,71169,59739,48122,36550,25143,88915,77460,66080,54624,43035,31717,20162,83473
mem_free&orders:80&orders,44292,32830,21201,72350,60612,49130,37712,26144,78028,66493,54754,43765,32190,20460,71758,60040,48998,37318,25710
mem_free&shipping:80&shipping,41288,30404,70994,59874,48877,37940,26909,68625,57851,46602,35769,24695,67267,56161,45179,34251,23421,65893,54895
nodejs_active_handles_total&edge-router:80&frontend,4,4,4,4,4,4,4,4,4,4,4,4,4,4,4,4,4,4,4
nodejs_active_requests_total&edge-router:80&frontend,2,2,2,2,2,2,2,2,2,2,2,2,2,2,2,2,2,2,2
nodejs_eventloop_lag_seconds&edge-router:80&frontend,0.00010204,0.00011266,0.00009675,0.00011578,0.00010511,0.00009675,0.00009494,0.0000985,0.00009543,0.00009637,0.00009478,0.000103421,0.00010571,0.00010952,0.000093161,0.0000971,0.00009455,0.00009404,0.00009115
nodejs_heap_size_total_bytes&edge-router:80&frontend,30041968,31073904,31073904,31073904,32105840,32105840,32105840,33137776,33137776,33137776,34169712,35201648,36221552,36221552,23874416,23874416,23874416,23874416,23874416
nodejs_heap_size_used_bytes&edge-router:80&frontend,25822440,26156440,26508968,26826616,27129728,27458832,27768760,28086600,28918272,29231264,29549288,23263152,23632256,23954208,19347416,19756120,17987488,18350424,18701840
nonheap&carts:80&cart,0,0,0,0,0,0,0,0,0,0,0,0,0,0,0,0,0,0,0
nonheap&orders:80&orders,0,0,0,0,0,0,0,0,0,0,0,0,0,0,0,0,0,0,0
nonheap&shipping:80&shipping,0,0,0,0,0,0,0,0,0,0,0,0,0,0,0,0,0,0,0
nonheap_committed&carts:80&cart,78032,78096,78096,78096,78096,78224,78288,78288,78288,78288,78288,78288,78288,78288,78288,78288,78288,78288,78288
nonheap_committed&orders:80&orders,78592,78592,78656,78656,78720,78784,78784,78848,78848,78912,78912,78912,78912,78912,78912,78912,78912,78912,78912
nonheap_committed&shipping:80&shipping,73760,73760,73824,73888,73888,73952,73952,73952,73952,74016,74016,74016,74016,74016,74016,74016,74016,74016,74016
nonheap_init&carts:80&cart,2496,2496,2496,2496,2496,2496,2496,2496,2496,2496,2496,2496,2496,2496,2496,2496,2496,2496,2496
nonheap_init&orders:80&orders,2496,2496,2496,2496,2496,2496,2496,2496,2496,2496,2496,2496,2496,2496,2496,2496,2496,2496,2496
nonheap_init&shipping:80&shipping,2496,2496,2496,2496,2496,2496,2496,2496,2496,2496,2496,2496,2496,2496,2496,2496,2496,2496,2496
nonheap_used&carts:80&cart,76407,76404,76446,76458,76377,76509,76526,76466,76476,76478,76478,76449,76399,76431,76436,76445,76450,76451,76445
nonheap_used&orders:80&orders,77310,77301,77308,77306,77334,77326,77334,77344,77344,77417,77417,77447,77452,77439,77443,77433,77445,77449,77432
nonheap_used&shipping:80&shipping,72382,72427,72463,72463,72453,72511,72513,72502,72506,72571,72571,72571,72514,72520,72479,72481,72488,72489,72489
process_cpu_seconds_total&carts:80&cart,96.56,97.02,97.53,98.04,98.52,99.21,99.7,100.23,100.63,101.03,101.45,101.91,102.28,102.74,103.12,103.53,103.93,104.34,104.73
process_cpu_seconds_total&catalogue:80&catalogue,5.4,5.65,5.87,6.1,6.33,6.56,6.78,7.01,7.24,7.47,7.69,7.92,8.15,8.37,8.59,8.82,9.05,9.27,9.5
process_cpu_seconds_total&edge-router:80&frontend,2.711671000000004,2.8128060000000032,2.9176700000000033,3.024324000000006,3.1260990000000053,3.2268030000000065,3.325447000000008,3.423433000000006,3.5308600000000063,3.645577000000007,3.766444000000007,3.8873930000000074,4.001662000000008,4.115537000000004,4.235225000000005,4.347189000000007,4.459381000000008,4.562319000000011,4.6619540000000095
process_cpu_seconds_total&orders:80&orders,91.93,92.36,92.85,93.33,93.86,94.41,94.82,95.45,95.88,96.37,96.74,97.14,97.53,97.92,98.39,98.74,99.13,99.5,99.88
process_cpu_seconds_total&payment:80&payment,5.42,5.65,5.88,6.11,6.36,6.57,6.8,7.03,7.26,7.48,7.71,7.94,8.18,8.4,8.63,8.85,9.08,9.31,9.53
process_cpu_seconds_total&shipping:80&shipping,87.59,88.01,88.49,88.98,89.41,89.91,90.29,90.71,91.05,91.52,91.88,92.23,92.62,92.96,93.38,93.73,94.09,94.46,94.78
process_cpu_seconds_total&user:80&user,6.65,6.95,7.24,7.53,7.82,8.11,8.4,8.69,8.98,9.26,9.55,9.83,10.12,10.41,10.69,10.99,11.27,11.56,11.85
process_cpu_system_seconds_total&edge-router:80&frontend,0.9849410000000002,1.0195060000000002,1.0553460000000003,1.084772,1.1700280000000005,1.268627,1.3392089999999999,1.3998380000000001,1.4676609999999999,1.5175719999999995,1.5557919999999994,1.5740269999999994,1.6210209999999994,1.6797459999999995,1.7621619999999998,1.8068399999999998,1.8543820000000002,1.8973069999999996,1.9429630000000004
process_cpu_user_seconds_total&edge-router:80&frontend,1.7267299999999997,1.7933,1.8623239999999999,1.939551999999999,1.9560709999999994,1.9581759999999995,1.9862379999999997,2.023595,2.0631990000000022,2.1280050000000026,2.2106520000000036,2.313366000000003,2.3806410000000042,2.435791000000003,2.473063000000004,2.5403490000000044,2.6049990000000043,2.6650120000000035,2.7189910000000026
process_heap_bytes&edge-router:80&frontend,34604000,35628000,35628000,35628000,36652000,36652000,36652000,37676000,41516000,41516000,42540000,43564000,44580000,44580000,32316000,32316000,28476000,28476000,28476000
process_max_fds&carts:80&cart,1048576,1048576,1048576,1048576,1048576,1048576,1048576,1048576,1048576,1048576,1048576,1048576,1048576,1048576,1048576,1048576,1048576,1048576,1048576
process_max_fds&catalogue:80&catalogue,1048576,1048576,1048576,1048576,1048576,1048576,1048576,1048576,1048576,1048576,1048576,1048576,1048576,1048576,1048576,1048576,1048576,1048576,1048576
process_max_fds&edge-router:80&frontend,2619724,2619724,2619724,2619724,2619724,2619724,2619724,2619724,2619724,2619724,2619724,2619724,2619724,2619724,2619724,2619724,2619724,2619724,2619724
process_max_fds&orders:80&orders,1048576,1048576,1048576,1048576,1048576,1048576,1048576,1048576,1048576,1048576,1048576,1048576,1048576,1048576,1048576,1048576,1048576,1048576,1048576
process_max_fds&payment:80&payment,1048576,1048576,1048576,1048576,1048576,1048576,1048576,1048576,1048576,1048576,1048576,1048576,1048576,1048576,1048576,1048576,1048576,1048576,1048576
process_max_fds&shipping:80&shipping,1048576,1048576,1048576,1048576,1048576,1048576,1048576,1048576,1048576,1048576,1048576,1048576,1048576,1048576,1048576,1048576,1048576,1048576,1048576
process_max_fds&user:80&user,1048576,1048576,1048576,1048576,1048576,1048576,1048576,1048576,1048576,1048576,1048576,1048576,1048576,1048576,1048576,1048576,1048576,1048576,1048576
process_open_fds&carts:80&cart,29,29,29,29,29,29,29,29,29,29,29,29,29,29,29,29,29,29,29
process_open_fds&catalogue:80&catalogue,7,7,7,7,7,7,7,7,7,7,7,7,7,7,7,7,7,7,7
process_open_fds&edge-router:80&frontend,13,14,14,13,14,14,14,14,14,13,14,13,13,13,13,13,14,13,14
process_open_fds&orders:80&orders,29,29,29,29,29,29,29,29,29,29,29,29,29,29,29,29,29,29,29
process_open_fds&payment:80&payment,7,7,7,7,7,7,7,7,7,7,7,7,7,7,7,7,7,7,7
process_open_fds&shipping:80&shipping,29,29,29,29,29,29,29,29,29,29,29,29,29,29,29,29,29,29,29
process_open_fds&user:80&user,8,8,8,8,8,8,8,8,8,8,8,8,8,8,8,8,8,8,8
process_resident_memory_bytes&carts:80&cart,433479680,428220416,425316352,422621184,422006784,415481856,415514624,415006720,438620160,438620160,438620160,438272000,438046720,435482624,435482624,433860608,438620160,438620160,438620160
process_resident_memory_bytes&catalogue:80&catalogue,17997824,17997824,17997824,17997824,17997824,17997824,17997824,17997824,17842176,18124800,18124800,18124800,18124800,18124800,18124800,18124800,18124800,18124800,18124800
process_resident_memory_bytes&edge-router:80&frontend,44672000,44852000,45032000,45340000,45712000,45876000,45972000,46344000,46716000,47076000,47716000,47980000,48444000,48520000,38684000,38992000,38716000,38460000,38512000
process_resident_memory_bytes&orders:80&orders,402116608,419508224,418775040,416636928,408989696,399454208,399454208,395620352,395620352,415961088,415961088,415252480,415047680,415047680,413020160,413020160,409313280,421076992,421076992
process_resident_memory_bytes&payment:80&payment,18513920,18513920,18513920,18513920,18513920,18513920,18513920,18513920,18513920,18513920,18513920,18513920,18513920,18513920,18513920,18513920,18513920,18513920,18513920
process_resident_memory_bytes&shipping:80&shipping,407900160,403763200,403099648,396689408,391753728,387559424,387559424,417423360,415653888,411013120,411013120,411013120,410820608,410820608,409190400,413097984,417505280,417505280,417505280
process_resident_memory_bytes&user:80&user,17166336,17166336,17158144,17158144,17158144,17924096,17924096,17924096,17924096,17924096,17924096,17924096,17924096,17924096,17924096,17924096,17924096,17924096,17924096
process_start_time_seconds&carts:80&cart,1671105943.139,1671105943.139,1671105943.139,1671105943.139,1671105943.139,1671105943.139,1671105943.139,1671105943.139,1671105943.139,1671105943.139,1671105943.139,1671105943.139,1671105943.139,1671105943.139,1671105943.139,1671105943.139,1671105943.139,1671105943.139,1671105943.139
process_start_time_seconds&catalogue:80&catalogue,1671105935.77,1671105935.77,1671105935.77,1671105935.77,1671105935.77,1671105935.77,1671105935.77,1671105935.77,1671105935.77,1671105935.77,1671105935.77,1671105935.77,1671105935.77,1671105935.77,1671105935.77,1671105935.77,1671105935.77,1671105935.77,1671105935.77
process_start_time_seconds&edge-router:80&frontend,1671105941,1671105941,1671105941,1671105941,1671105941,1671105941,1671105941,1671105941,1671105941,1671105941,1671105941,1671105941,1671105941,1671105941,1671105941,1671105941,1671105941,1671105941,1671105941
process_start_time_seconds&orders:80&orders,1671105944.364,1671105944.364,1671105944.364,1671105944.364,1671105944.364,1671105944.364,1671105944.364,1671105944.364,1671105944.364,1671105944.364,1671105944.364,1671105944.364,1671105944.364,1671105944.364,1671105944.364,1671105944.364,1671105944.364,1671105944.364,1671105944.364
process_start_time_seconds&payment:80&payment,1671105935.39,1671105935.39,1671105935.39,1671105935.39,1671105935.39,1671105935.39,1671105935.39,1671105935.39,1671105935.39,1671105935.39,1671105935.39,1671105935.39,1671105935.39,1671105935.39,1671105935.39,1671105935.39,1671105935.39,1671105935.39,1671105935.39
process_start_time_seconds&shipping:80&shipping,1671105943.057,1671105943.057,1671105943.057,1671105943.057,1671105943.057,1671105943.057,1671105943.057,1671105943.057,1671105943.057,1671105943.057,1671105943.057,1671105943.057,1671105943.057,1671105943.057,1671105943.057,1671105943.057,1671105943.057,1671105943.057,1671105943.057
process_start_time_seconds&user:80&user,1671105934.87,1671105934.87,1671105934.87,1671105934.87,1671105934.87,1671105934.87,1671105934.87,1671105934.87,1671105934.87,1671105934.87,1671105934.87,1671105934.87,1671105934.87,1671105934.87,1671105934.87,1671105934.87,1671105934.87,1671105934.87,1671105934.87
process_virtual_memory_bytes&carts:80&cart,1915838464,1915838464,1915838464,1915838464,1915838464,1915838464,1915838464,1915838464,1915838464,1915838464,1915838464,1915838464,1915838464,1915838464,1915838464,1915838464,1915838464,1915838464,1915838464
process_virtual_memory_bytes&catalogue:80&catalogue,22470656,22470656,22470656,22470656,22470656,22470656,22470656,22470656,22470656,22470656,22470656,22470656,22470656,22470656,22470656,22470656,22470656,22470656,22470656
process_virtual_memory_bytes&edge-router:80&frontend,612956000,613980000,613980000,613980000,615004000,615004000,615004000,616028000,616028000,616028000,617052000,618076000,618076000,618076000,608860000,608860000,608860000,608860000,608860000
process_virtual_memory_bytes&orders:80&orders,1898483712,1898483712,1898483712,1898483712,1898483712,1898483712,1898483712,1898483712,1898483712,1898483712,1898483712,1898483712,1898483712,1898483712,1898483712,1898483712,1898483712,1898483712,1898483712
process_virtual_memory_bytes&payment:80&payment,22487040,22487040,22487040,22487040,22487040,22487040,22487040,22487040,22487040,22487040,22487040,22487040,22487040,22487040,22487040,22487040,22487040,22487040,22487040
process_virtual_memory_bytes&shipping:80&shipping,1893642240,1893642240,1893642240,1893642240,1893642240,1893642240,1893642240,1893642240,1893642240,1893642240,1893642240,1893642240,1893642240,1893642240,1893642240,1893642240,1893642240,1893642240,1893642240
process_virtual_memory_bytes&user:80&user,24412160,24412160,24412160,24412160,24412160,24412160,24412160,24412160,24412160,24412160,24412160,24412160,24412160,24412160,24412160,24412160,24412160,24412160,24412160
processors&carts:80&cart,16,16,16,16,16,16,16,16,16,16,16,16,16,16,16,16,16,16,16
processors&orders:80&orders,16,16,16,16,16,16,16,16,16,16,16,16,16,16,16,16,16,16,16
processors&shipping:80&shipping,16,16,16,16,16,16,16,16,16,16,16,16,16,16,16,16,16,16,16
request_duration_seconds_bucket&catalogue:80&false&catalogue&+Inf&GET&metrics&200,2793,2913,3033,3153,3273,3393,3513,3633,3753,3873,3993,4113,4233,4353,4473,4593,4713,4833,4953
request_duration_seconds_bucket&catalogue:80&false&catalogue&0.005&GET&metrics&200,2793,2913,3033,3153,3273,3393,3513,3633,3753,3873,3993,4113,4233,4353,4473,4593,4713,4833,4953
request_duration_seconds_bucket&catalogue:80&false&catalogue&0.01&GET&metrics&200,2793,2913,3033,3153,3273,3393,3513,3633,3753,3873,3993,4113,4233,4353,4473,4593,4713,4833,4953
request_duration_seconds_bucket&catalogue:80&false&catalogue&0.025&GET&metrics&200,2793,2913,3033,3153,3273,3393,3513,3633,3753,3873,3993,4113,4233,4353,4473,4593,4713,4833,4953
request_duration_seconds_bucket&catalogue:80&false&catalogue&0.05&GET&metrics&200,2793,2913,3033,3153,3273,3393,3513,3633,3753,3873,3993,4113,4233,4353,4473,4593,4713,4833,4953
request_duration_seconds_bucket&catalogue:80&false&catalogue&0.1&GET&metrics&200,2793,2913,3033,3153,3273,3393,3513,3633,3753,3873,3993,4113,4233,4353,4473,4593,4713,4833,4953
request_duration_seconds_bucket&catalogue:80&false&catalogue&0.25&GET&metrics&200,2793,2913,3033,3153,3273,3393,3513,3633,3753,3873,3993,4113,4233,4353,4473,4593,4713,4833,4953
request_duration_seconds_bucket&catalogue:80&false&catalogue&0.5&GET&metrics&200,2793,2913,3033,3153,3273,3393,3513,3633,3753,3873,3993,4113,4233,4353,4473,4593,4713,4833,4953
request_duration_seconds_bucket&catalogue:80&false&catalogue&1&GET&metrics&200,2793,2913,3033,3153,3273,3393,3513,3633,3753,3873,3993,4113,4233,4353,4473,4593,4713,4833,4953
request_duration_seconds_bucket&catalogue:80&false&catalogue&10&GET&metrics&200,2793,2913,3033,3153,3273,3393,3513,3633,3753,3873,3993,4113,4233,4353,4473,4593,4713,4833,4953
request_duration_seconds_bucket&catalogue:80&false&catalogue&2.5&GET&metrics&200,2793,2913,3033,3153,3273,3393,3513,3633,3753,3873,3993,4113,4233,4353,4473,4593,4713,4833,4953
request_duration_seconds_bucket&catalogue:80&false&catalogue&5&GET&metrics&200,2793,2913,3033,3153,3273,3393,3513,3633,3753,3873,3993,4113,4233,4353,4473,4593,4713,4833,4953
request_duration_seconds_bucket&payment:80&false&payment&+Inf&GET&metrics&200,2793,2913,3033,3153,3273,3393,3513,3633,3753,3873,3993,4113,4233,4353,4473,4593,4713,4833,4953
request_duration_seconds_bucket&payment:80&false&payment&0.005&GET&metrics&200,2793,2913,3033,3153,3273,3393,3513,3633,3753,3873,3993,4113,4233,4353,4473,4593,4713,4833,4953
request_duration_seconds_bucket&payment:80&false&payment&0.01&GET&metrics&200,2793,2913,3033,3153,3273,3393,3513,3633,3753,3873,3993,4113,4233,4353,4473,4593,4713,4833,4953
request_duration_seconds_bucket&payment:80&false&payment&0.025&GET&metrics&200,2793,2913,3033,3153,3273,3393,3513,3633,3753,3873,3993,4113,4233,4353,4473,4593,4713,4833,4953
request_duration_seconds_bucket&payment:80&false&payment&0.05&GET&metrics&200,2793,2913,3033,3153,3273,3393,3513,3633,3753,3873,3993,4113,4233,4353,4473,4593,4713,4833,4953
request_duration_seconds_bucket&payment:80&false&payment&0.1&GET&metrics&200,2793,2913,3033,3153,3273,3393,3513,3633,3753,3873,3993,4113,4233,4353,4473,4593,4713,4833,4953
request_duration_seconds_bucket&payment:80&false&payment&0.25&GET&metrics&200,2793,2913,3033,3153,3273,3393,3513,3633,3753,3873,3993,4113,4233,4353,4473,4593,4713,4833,4953
request_duration_seconds_bucket&payment:80&false&payment&0.5&GET&metrics&200,2793,2913,3033,3153,3273,3393,3513,3633,3753,3873,3993,4113,4233,4353,4473,4593,4713,4833,4953
request_duration_seconds_bucket&payment:80&false&payment&1&GET&metrics&200,2793,2913,3033,3153,3273,3393,3513,3633,3753,3873,3993,4113,4233,4353,4473,4593,4713,4833,4953
request_duration_seconds_bucket&payment:80&false&payment&10&GET&metrics&200,2793,2913,3033,3153,3273,3393,3513,3633,3753,3873,3993,4113,4233,4353,4473,4593,4713,4833,4953
request_duration_seconds_bucket&payment:80&false&payment&2.5&GET&metrics&200,2793,2913,3033,3153,3273,3393,3513,3633,3753,3873,3993,4113,4233,4353,4473,4593,4713,4833,4953
request_duration_seconds_bucket&payment:80&false&payment&5&GET&metrics&200,2793,2913,3033,3153,3273,3393,3513,3633,3753,3873,3993,4113,4233,4353,4473,4593,4713,4833,4953
request_duration_seconds_bucket&user:80&false&user&+Inf&GET&metrics&200,2793,2913,3033,3153,3273,3393,3513,3633,3753,3873,3993,4113,4233,4353,4473,4593,4713,4833,4953
request_duration_seconds_bucket&user:80&false&user&0.005&GET&metrics&200,2793,2913,3033,3153,3273,3393,3513,3633,3753,3873,3993,4113,4233,4353,4473,4593,4713,4833,4953
request_duration_seconds_bucket&user:80&false&user&0.01&GET&metrics&200,2793,2913,3033,3153,3273,3393,3513,3633,3753,3873,3993,4113,4233,4353,4473,4593,4713,4833,4953
request_duration_seconds_bucket&user:80&false&user&0.025&GET&metrics&200,2793,2913,3033,3153,3273,3393,3513,3633,3753,3873,3993,4113,4233,4353,4473,4593,4713,4833,4953
request_duration_seconds_bucket&user:80&false&user&0.05&GET&metrics&200,2793,2913,3033,3153,3273,3393,3513,3633,3753,3873,3993,4113,4233,4353,4473,4593,4713,4833,4953
request_duration_seconds_bucket&user:80&false&user&0.1&GET&metrics&200,2793,2913,3033,3153,3273,3393,3513,3633,3753,3873,3993,4113,4233,4353,4473,4593,4713,4833,4953
request_duration_seconds_bucket&user:80&false&user&0.25&GET&metrics&200,2793,2913,3033,3153,3273,3393,3513,3633,3753,3873,3993,4113,4233,4353,4473,4593,4713,4833,4953
request_duration_seconds_bucket&user:80&false&user&0.5&GET&metrics&200,2793,2913,3033,3153,3273,3393,3513,3633,3753,3873,3993,4113,4233,4353,4473,4593,4713,4833,4953
request_duration_seconds_bucket&user:80&false&user&1&GET&metrics&200,2793,2913,3033,3153,3273,3393,3513,3633,3753,3873,3993,4113,4233,4353,4473,4593,4713,4833,4953
request_duration_seconds_bucket&user:80&false&user&10&GET&metrics&200,2793,2913,3033,3153,3273,3393,3513,3633,3753,3873,3993,4113,4233,4353,4473,4593,4713,4833,4953
request_duration_seconds_bucket&user:80&false&user&2.5&GET&metrics&200,2793,2913,3033,3153,3273,3393,3513,3633,3753,3873,3993,4113,4233,4353,4473,4593,4713,4833,4953
request_duration_seconds_bucket&user:80&false&user&5&GET&metrics&200,2793,2913,3033,3153,3273,3393,3513,3633,3753,3873,3993,4113,4233,4353,4473,4593,4713,4833,4953
request_duration_seconds_count&catalogue:80&false&catalogue&GET&metrics&200,2793,2913,3033,3153,3273,3393,3513,3633,3753,3873,3993,4113,4233,4353,4473,4593,4713,4833,4953
request_duration_seconds_count&payment:80&false&payment&GET&metrics&200,2793,2913,3033,3153,3273,3393,3513,3633,3753,3873,3993,4113,4233,4353,4473,4593,4713,4833,4953
request_duration_seconds_count&user:80&false&user&GET&metrics&200,2793,2913,3033,3153,3273,3393,3513,3633,3753,3873,3993,4113,4233,4353,4473,4593,4713,4833,4953
request_duration_seconds_sum&catalogue:80&false&catalogue&GET&metrics&200,2.4980175519999994,2.6061349470000015,2.713234597000001,2.818438833999999,2.9218878939999993,3.0265874800000003,3.1321674359999996,3.2386350579999954,3.3439920329999966,3.4488299869999963,3.5551202129999986,3.6617710370000003,3.767720284000001,3.870829854999999,3.9755786190000015,4.081008016000005,4.186330386000005,4.291597831000005,4.396843212000002
request_duration_seconds_sum&payment:80&false&payment&GET&metrics&200,2.512436299999994,2.619218736999993,2.7259976459999913,2.835367476999991,2.944999152999989,3.0497914119999887,3.15522077199999,3.2634690479999895,3.369264703999989,3.4748481909999858,3.5816788849999863,3.6889967959999854,3.7944777239999845,3.899791255999986,4.005950569999987,4.111331116999989,4.21739114199999,4.324032156999992,4.429849901999984
request_duration_seconds_sum&user:80&false&user&GET&metrics&200,2.3984069290000045,2.5032314930000057,2.6072259610000033,2.711090164000004,2.8129164480000046,2.917230368000006,3.021404211000005,3.124546384000007,3.2267275840000065,3.327995607000005,3.4300230460000054,3.5332772640000054,3.632539786000009,3.7365592790000095,3.83870404100001,3.94093482700001,4.04358876900001,4.148953203000012,4.250756995000012
scrape_duration_seconds&carts:80&cart,0.001169572,0.001207543,0.001061792,0.001140662,0.001063383,0.001112403,0.001022212,0.001013103,0.001041371,0.001006743,0.001045222,0.000946742,0.001048602,0.001117731,0.001056363,0.001040823,0.001020303,0.001019692,0.001025583
scrape_duration_seconds&catalogue:80&catalogue,0.000967643,0.001063093,0.001047822,0.000914062,0.001020822,0.001021971,0.000951672,0.001069731,0.000906412,0.001043452,0.000958811,0.001080101,0.000923372,0.001074711,0.001006293,0.001026132,0.001023732,0.001102053,0.000988643
scrape_duration_seconds&edge-router:80&frontend,0.000901233,0.001058852,0.000983392,0.000993643,0.000924382,0.000938933,0.000876722,0.000852882,0.000998822,0.000992892,0.000942541,0.000964622,0.000965702,0.000989283,0.001032642,0.001047833,0.000920841,0.000894772,0.000867192
scrape_duration_seconds&nodeexporter:9100&node-exporter,5.000577573,5.001053523,5.000987393,5.000921922,5.000192951,5.000351681,5.00015408,5.000166571,5.000735073,5.000814602,5.000938583,5.001077632,5.000556441,5.001077213,5.000206133,5.000762852,5.000536852,5.0002431,5.000804023
scrape_duration_seconds&orders:80&orders,0.000973262,0.001025942,0.001028561,0.000949223,0.000957672,0.000873172,0.000895122,0.000973892,0.000918912,0.000884402,0.000925792,0.000964402,0.000934562,0.000926481,0.000904732,0.000983632,0.000955712,0.000920723,0.000961723
scrape_duration_seconds&payment:80&payment,0.001630594,0.001849555,0.001591563,0.001552144,0.001839324,0.001502364,0.001656174,0.001527304,0.001707313,0.001745624,0.001674443,0.001681704,0.001809733,0.001648174,0.001579102,0.001730605,0.001812783,0.001681983,0.001721584
scrape_duration_seconds&queue-master:80&queue-master,0.000598182,0.000710141,0.000682401,0.000579061,0.000574271,0.000572561,0.0005907,0.000569792,0.000582972,0.000570262,0.000575122,0.000554512,0.000591531,0.000639372,0.000586682,0.000607951,0.000567411,0.000558202,0.000569752
scrape_duration_seconds&shipping:80&shipping,0.001074402,0.001207373,0.001129442,0.001227192,0.001052702,0.001041381,0.001070442,0.001167802,0.001163743,0.001093032,0.001043202,0.001060021,0.001013613,0.001140002,0.001078892,0.001142872,0.001024472,0.001040112,0.001050212
scrape_duration_seconds&user:80&user,0.001008583,0.001129472,0.001040633,0.001639444,0.001543014,0.001016283,0.001668674,0.001066443,0.001666093,0.001161903,0.001622493,0.001052652,0.000971592,0.001573493,0.000998253,0.001245092,0.001602183,0.001041361,0.001568104
scrape_samples_post_metric_relabeling&carts:80&cart,73,73,73,73,73,73,73,73,73,73,73,73,73,73,73,73,73,73,73
scrape_samples_post_metric_relabeling&catalogue:80&catalogue,51,51,51,51,51,51,51,51,51,51,51,51,51,51,51,51,51,51,51
scrape_samples_post_metric_relabeling&edge-router:80&frontend,14,14,14,14,14,14,14,14,14,14,14,14,14,14,14,14,14,14,14
scrape_samples_post_metric_relabeling&nodeexporter:9100&node-exporter,0,0,0,0,0,0,0,0,0,0,0,0,0,0,0,0,0,0,0
scrape_samples_post_metric_relabeling&orders:80&orders,73,73,73,73,73,73,73,73,73,73,73,73,73,73,73,73,73,73,73
scrape_samples_post_metric_relabeling&payment:80&payment,51,51,51,51,51,51,51,51,51,51,51,51,51,51,51,51,51,51,51
scrape_samples_post_metric_relabeling&queue-master:80&queue-master,2,2,2,2,2,2,2,2,2,2,2,2,2,2,2,2,2,2,2
scrape_samples_post_metric_relabeling&shipping:80&shipping,73,73,73,73,73,73,73,73,73,73,73,73,73,73,73,73,73,73,73
scrape_samples_post_metric_relabeling&user:80&user,51,51,51,51,51,51,51,51,51,51,51,51,51,51,51,51,51,51,51
scrape_samples_scraped&carts:80&cart,73,73,73,73,73,73,73,73,73,73,73,73,73,73,73,73,73,73,73
scrape_samples_scraped&catalogue:80&catalogue,51,51,51,51,51,51,51,51,51,51,51,51,51,51,51,51,51,51,51
scrape_samples_scraped&edge-router:80&frontend,14,14,14,14,14,14,14,14,14,14,14,14,14,14,14,14,14,14,14
scrape_samples_scraped&nodeexporter:9100&node-exporter,0,0,0,0,0,0,0,0,0,0,0,0,0,0,0,0,0,0,0
scrape_samples_scraped&orders:80&orders,73,73,73,73,73,73,73,73,73,73,73,73,73,73,73,73,73,73,73
scrape_samples_scraped&payment:80&payment,51,51,51,51,51,51,51,51,51,51,51,51,51,51,51,51,51,51,51
scrape_samples_scraped&queue-master:80&queue-master,2,2,2,2,2,2,2,2,2,2,2,2,2,2,2,2,2,2,2
scrape_samples_scraped&shipping:80&shipping,73,73,73,73,73,73,73,73,73,73,73,73,73,73,73,73,73,73,73
scrape_samples_scraped&user:80&user,51,51,51,51,51,51,51,51,51,51,51,51,51,51,51,51,51,51,51
scrape_series_added&carts:80&cart,0,0,0,0,0,0,0,0,0,0,0,0,0,0,0,0,0,0,0
scrape_series_added&catalogue:80&catalogue,0,0,0,0,0,0,0,0,0,0,0,0,0,0,0,0,0,0,0
scrape_series_added&edge-router:80&frontend,0,0,0,0,0,0,0,0,0,0,0,0,0,0,0,0,0,0,0
scrape_series_added&nodeexporter:9100&node-exporter,0,0,0,0,0,0,0,0,0,0,0,0,0,0,0,0,0,0,0
scrape_series_added&orders:80&orders,0,0,0,0,0,0,0,0,0,0,0,0,0,0,0,0,0,0,0
scrape_series_added&payment:80&payment,0,0,0,0,0,0,0,0,0,0,0,0,0,0,0,0,0,0,0
scrape_series_added&queue-master:80&queue-master,0,0,0,0,0,0,0,0,0,0,0,0,0,0,0,0,0,0,0
scrape_series_added&shipping:80&shipping,0,0,0,0,0,0,0,0,0,0,0,0,0,0,0,0,0,0,0
scrape_series_added&user:80&user,0,0,0,0,0,0,0,0,0,0,0,0,0,0,0,0,0,0,0
systemload_average&carts:80&cart,0.0029296875,0,0.04345703125,0,0.0458984375,0.0205078125,0.0068359375,0,0.013671875,0.11767578125,0.03173828125,0.005859375,0.00341796875,0,0,0.0224609375,0.12890625,0.06689453125,0.33203125
systemload_average&orders:80&orders,0.0029296875,0,0.04345703125,0,0.0458984375,0.0205078125,0.0068359375,0,0.013671875,0.11767578125,0.03173828125,0.005859375,0.00341796875,0,0,0.0224609375,0.12890625,0.06689453125,0.33203125
systemload_average&shipping:80&shipping,0.0029296875,0,0.03955078125,0,0.0458984375,0.0185546875,0.005859375,0,0.013671875,0.10791015625,0.02880859375,0.00537109375,0.00341796875,0,0,0.0205078125,0.12890625,0.06689453125,0.30517578125
threads&carts:80&cart,23,23,23,23,23,23,23,23,23,23,23,23,23,23,23,23,23,23,23
threads&orders:80&orders,23,23,23,23,23,23,23,23,23,23,23,23,23,23,23,23,23,23,23
threads&shipping:80&shipping,21,21,21,21,21,21,21,21,21,21,21,21,21,21,21,21,21,21,21
threads_daemon&carts:80&cart,21,21,21,21,21,21,21,21,21,21,21,21,21,21,21,21,21,21,21
threads_daemon&orders:80&orders,21,21,21,21,21,21,21,21,21,21,21,21,21,21,21,21,21,21,21
threads_daemon&shipping:80&shipping,19,19,19,19,19,19,19,19,19,19,19,19,19,19,19,19,19,19,19
threads_peak&carts:80&cart,23,23,23,23,23,23,23,23,23,23,23,23,23,23,23,23,23,23,23
threads_peak&orders:80&orders,23,23,23,23,23,23,23,23,23,23,23,23,23,23,23,23,23,23,23
threads_peak&shipping:80&shipping,21,21,21,21,21,21,21,21,21,21,21,21,21,21,21,21,21,21,21
threads_totalStarted&carts:80&cart,30,30,30,30,30,30,30,30,30,30,30,30,30,30,30,30,30,30,30
threads_totalStarted&orders:80&orders,30,30,30,30,30,30,30,30,30,30,30,30,30,30,30,30,30,30,30
threads_totalStarted&shipping:80&shipping,28,28,28,28,28,28,28,28,28,28,28,28,28,28,28,28,28,28,28
up&carts:80&cart,1,1,1,1,1,1,1,1,1,1,1,1,1,1,1,1,1,1,1
up&catalogue:80&catalogue,1,1,1,1,1,1,1,1,1,1,1,1,1,1,1,1,1,1,1
up&edge-router:80&frontend,1,1,1,1,1,1,1,1,1,1,1,1,1,1,1,1,1,1,1
up&nodeexporter:9100&node-exporter,0,0,0,0,0,0,0,0,0,0,0,0,0,0,0,0,0,0,0
up&orders:80&orders,1,1,1,1,1,1,1,1,1,1,1,1,1,1,1,1,1,1,1
up&payment:80&payment,1,1,1,1,1,1,1,1,1,1,1,1,1,1,1,1,1,1,1
up&queue-master:80&queue-master,1,1,1,1,1,1,1,1,1,1,1,1,1,1,1,1,1,1,1
up&shipping:80&shipping,1,1,1,1,1,1,1,1,1,1,1,1,1,1,1,1,1,1,1
up&user:80&user,1,1,1,1,1,1,1,1,1,1,1,1,1,1,1,1,1,1,1
uptime&carts:80&cart,13992252,14592252,15192253,15792253,16392253,16992252,17592252,18192252,18792252,19392252,19992252,20592252,21192252,21792252,22392252,22992252,23592253,24192253,24792252
uptime&orders:80&orders,13991094,14591094,15191093,15791093,16391093,16991094,17591093,18191094,18791094,19391094,19991093,20591093,21191094,21791094,22391094,22991094,23591093,24191093,24791094
uptime&shipping:80&shipping,13995774,14595774,15195774,15795774,16395774,16995774,17595774,18195774,18795774,19395774,19995774,20595774,21195774,21795773,22395774,22995774,23595774,24195774,24795774
