classes&carts:80&cart,8052,8053,8053,8053,8053,8053,8053,8053,8053,8053,8053,8053,8053,8053,8053,8053,8053,8053,8053
classes&orders:80&orders,8095,8096,8096,8096,8096,8096,8096,8096,8096,8096,8096,8096,8096,8096,8096,8096,8096,8096,8096
classes&shipping:80&shipping,7429,7430,7430,7430,7430,7430,7430,7430,7430,7430,7430,7430,7430,7430,7430,7430,7430,7430,7430
classes_loaded&carts:80&cart,8052,8053,8053,8053,8053,8053,8053,8053,8053,8053,8053,8053,8053,8053,8053,8053,8053,8053,8053
classes_loaded&orders:80&orders,8095,8096,8096,8096,8096,8096,8096,8096,8096,8096,8096,8096,8096,8096,8096,8096,8096,8096,8096
classes_loaded&shipping:80&shipping,7429,7430,7430,7430,7430,7430,7430,7430,7430,7430,7430,7430,7430,7430,7430,7430,7430,7430,7430
classes_unloaded&carts:80&cart,0,0,0,0,0,0,0,0,0,0,0,0,0,0,0,0,0,0,0
classes_unloaded&orders:80&orders,0,0,0,0,0,0,0,0,0,0,0,0,0,0,0,0,0,0,0
classes_unloaded&shipping:80&shipping,0,0,0,0,0,0,0,0,0,0,0,0,0,0,0,0,0,0,0
gauge_response_metrics&carts:80&cart,2,1,2,1,2,2,1,1,1,1,1,1,1,2,1,2,1,1,1
gauge_response_metrics&orders:80&orders,2,1,1,1,2,2,1,1,1,1,1,1,2,1,1,1,2,2,2
gauge_response_metrics&shipping:80&shipping,4,1,2,1,2,2,2,1,1,1,1,1,1,1,1,2,2,2,2
gauge_response_prometheus&queue-master:80&queue-master,2,1,1,1,1,1,1,1,1,1,1,1,0,1,0,1,1,2,2
gc_g1_old_generation_count&carts:80&cart,0,0,0,0,0,0,0,0,0,0,0,0,0,0,0,0,0,0,0
gc_g1_old_generation_count&orders:80&orders,0,0,0,0,0,0,0,0,0,0,0,0,0,0,0,0,0,0,0
gc_g1_old_generation_count&shipping:80&shipping,0,0,0,0,0,0,0,0,0,0,0,0,0,0,0,0,0,0,0
gc_g1_old_generation_time&carts:80&cart,0,0,0,0,0,0,0,0,0,0,0,0,0,0,0,0,0,0,0
gc_g1_old_generation_time&orders:80&orders,0,0,0,0,0,0,0,0,0,0,0,0,0,0,0,0,0,0,0
gc_g1_old_generation_time&shipping:80&shipping,0,0,0,0,0,0,0,0,0,0,0,0,0,0,0,0,0,0,0
gc_g1_young_generation_count&carts:80&cart,60,60,60,60,60,60,60,60,60,60,60,60,60,60,60,60,60,60,60
gc_g1_young_generation_count&orders:80&orders,60,60,60,60,60,60,60,60,60,60,60,60,60,60,60,60,60,60,60
gc_g1_young_generation_count&shipping:80&shipping,57,57,57,57,57,57,57,57,57,57,57,57,57,57,57,57,57,58,58
gc_g1_young_generation_time&carts:80&cart,3240,3240,3240,3240,3240,3240,3240,3240,3240,3240,3240,3240,3240,3240,3240,3240,3240,3240,3240
gc_g1_young_generation_time&orders:80&orders,2952,2952,2952,2952,2952,2952,2952,2952,2952,2952,2952,2952,2952,2952,2952,2952,2952,2952,2952
gc_g1_young_generation_time&shipping:80&shipping,3121,3121,3121,3121,3121,3121,3121,3121,3121,3121,3121,3121,3121,3121,3121,3121,3121,3126,3126
go_gc_duration_seconds&catalogue:80&catalogue&0,0.000339431,0.000321601,0.00029867100000000003,0.00029867100000000003,0.00029867100000000003,0.00029867100000000003,0.00029867100000000003,0.000298311,0.00029793,0.000294109,0.000294109,0.00029207,0.00029207,0.00029207,0.00029207,0.00029207,0.00029207,0.00029207,0.00029207
go_gc_duration_seconds&catalogue:80&catalogue&0.25,0.000339431,0.000339431,0.00032596100000000005,0.000321601,0.00031199,0.00031783,0.00031783,0.00031490200000000004,0.00031490200000000004,0.000311891,0.000311891,0.00031121100000000004,0.00031121100000000004,0.00031014000000000004,0.00031014000000000004,0.00031014000000000004,0.00031081,0.00031121100000000004,0.00031121100000000004
go_gc_duration_seconds&catalogue:80&catalogue&0.5,0.000339431,0.000339961,0.000339431,0.000331,0.000328031,0.000326441,0.000326221,0.00032596100000000005,0.00032548200000000004,0.00032262100000000004,0.00032262100000000004,0.00032262100000000004,0.000323431,0.00032262100000000004,0.00032262100000000004,0.000323431,0.00032548200000000004,0.00032596100000000005,0.000326221
go_gc_duration_seconds&catalogue:80&catalogue&0.75,0.000339431,0.00034714100000000003,0.00034714100000000003,0.000344462,0.000339961,0.000339961,0.000339961,0.000339431,0.000339132,0.00033699,0.00033699,0.000339132,0.000339431,0.000339132,0.000339431,0.000339961,0.00034250100000000005,0.00034564000000000003,0.000346551
go_gc_duration_seconds&catalogue:80&catalogue&1,0.000339431,0.00036932,0.00036932,0.00036932,0.00036932,0.00036932,0.00036932,0.00036932,0.00036932,0.00036932,0.00036932,0.00036932,0.00036932,0.00036932,0.00036932,0.000388965,0.00040115,0.00040115,0.000402441
go_gc_duration_seconds&payment:80&payment&0,0.00049793,0.000296701,0.00028303000000000003,0.00028303000000000003,0.00027633000000000003,0.00027633000000000003,0.00027633000000000003,0.00027633000000000003,0.00027633000000000003,0.00027633000000000003,0.00027633000000000003,0.00027633000000000003,0.00027633000000000003,0.00027633000000000003,0.00027633000000000003,0.00027633000000000003,0.00027633000000000003,0.00027633000000000003,0.00027633000000000003
go_gc_duration_seconds&payment:80&payment&0.25,0.00049793,0.00030410100000000003,0.000296701,0.000296701,0.000296701,0.000296701,0.000296701,0.000296701,0.000296701,0.00029658,0.00029658,0.000296701,0.00029729100000000004,0.00029729100000000004,0.00029783,0.00029783,0.00029783,0.000299421,0.00030117
go_gc_duration_seconds&payment:80&payment&0.5,0.00049793,0.00032476200000000003,0.00030410100000000003,0.00030396000000000004,0.00030410100000000003,0.00030410100000000003,0.00030527,0.000315381,0.000308561,0.00030527,0.00030527,0.00030527,0.000308561,0.00030527,0.00031007,0.00031226,0.00031359000000000004,0.000315381,0.00031611000000000003
go_gc_duration_seconds&payment:80&payment&0.75,0.00049793,0.00034325100000000004,0.00032476200000000003,0.00032476200000000003,0.00033665100000000004,0.00033665100000000004,0.00033915000000000003,0.00034325100000000004,0.00033915000000000003,0.00033665100000000004,0.00032476200000000003,0.000326182,0.000326182,0.000326182,0.000326371,0.000326371,0.00032722100000000004,0.00033665100000000004,0.00033915000000000003
go_gc_duration_seconds&payment:80&payment&1,0.00049793,0.00049793,0.00049793,0.00049793,0.00049793,0.00049793,0.00049793,0.00049793,0.00049793,0.00049793,0.00049793,0.00049793,0.00049793,0.00049793,0.00064561,0.00064561,0.00064561,0.00064561,0.00064561
go_gc_duration_seconds&user:80&user&0,0.00047045,0.00032215,0.000306,0.000306,0.000306,0.000288431,0.000288431,0.000288431,0.000288431,0.000288431,0.000288431,0.000288431,0.000288431,0.000288431,0.000288431,0.000288431,0.000288431,0.000288431,0.000288431
go_gc_duration_seconds&user:80&user&0.25,0.00047045,0.000331061,0.00032932100000000004,0.00032932100000000004,0.00032215,0.00032215,0.00032215,0.00032215,0.000323381,0.00032215,0.000323381,0.00032932100000000004,0.000331061,0.00033123100000000003,0.000331871,0.000331871,0.000331871,0.00033195100000000003,0.00033200000000000005
go_gc_duration_seconds&user:80&user&0.5,0.00047045,0.00033195100000000003,0.00033195100000000003,0.00033195100000000003,0.00033195100000000003,0.00034747,0.000370401,0.000363481,0.000363481,0.00034747,0.000353351,0.00036090000000000004,0.00036901,0.000372391,0.00037334,0.000372391,0.00037334,0.00037842,0.00037842
go_gc_duration_seconds&user:80&user&0.75,0.00047045,0.00038832000000000005,0.00038832000000000005,0.000394463,0.00038832000000000005,0.00040790900000000003,0.00042029100000000005,0.00042029100000000005,0.00042029100000000005,0.00040790900000000003,0.00039924000000000003,0.00040996100000000003,0.00040790900000000003,0.00040790900000000003,0.00040996100000000003,0.00040933100000000003,0.000417979,0.00042029100000000005,0.00042029100000000005
go_gc_duration_seconds&user:80&user&1,0.00047045,0.00047045,0.00047045,0.00047045,0.00047045,0.0005895410000000001,0.0005895410000000001,0.0005895410000000001,0.0005895410000000001,0.0005895410000000001,0.0005895410000000001,0.0005895410000000001,0.0005895410000000001,0.0005895410000000001,0.0005895410000000001,0.0005895410000000001,0.0005895410000000001,0.0005895410000000001,0.0005895410000000001
go_gc_duration_seconds_count&catalogue:80&catalogue,1,5,9,13,17,21,25,29,33,37,41,45,49,53,57,61,65,69,73
go_gc_duration_seconds_count&payment:80&payment,1,5,9,13,17,21,25,29,33,37,41,45,49,53,57,61,65,69,73
go_gc_duration_seconds_count&user:80&user,1,5,9,13,17,21,25,29,33,37,41,45,49,53,57,61,65,69,73
go_gc_duration_seconds_sum&catalogue:80&catalogue,0.000339431,0.0017174540000000002,0.0030255480000000003,0.0043242110000000005,0.005590763,0.0069083880000000005,0.008219562,0.009471837,0.010754951,0.011966153,0.013260446,0.014568027,0.015906438000000002,0.017148721000000002,0.018460352000000003,0.019843107000000002,0.02128068,0.022727655000000003,0.024213239
go_gc_duration_seconds_sum&payment:80&payment,0.00049793,0.0017667450000000001,0.002954246,0.004205147,0.005491109,0.0067351600000000005,0.008041073000000001,0.009357355000000001,0.010580987,0.011785948000000001,0.013007831000000001,0.014270225000000001,0.015560227000000001,0.01681109,0.018408112,0.019699547,0.020973261,0.022556976000000003,0.024110179000000002
go_gc_duration_seconds_sum&user:80&user,0.00047045,0.0018439320000000002,0.003221186,0.0047265480000000006,0.006095512,0.007847816,0.009427289,0.010889253000000002,0.012382398000000001,0.013666880000000001,0.015092142000000001,0.016761705000000002,0.018296337000000003,0.019908189,0.021590672,0.022962752000000003,0.024544412,0.026462549000000002,0.028024301
go_goroutines&catalogue:80&catalogue,11,11,10,10,10,11,10,10,11,10,10,11,10,11,10,10,10,10,11
go_goroutines&payment:80&payment,11,11,11,12,11,11,11,11,11,11,12,11,11,11,11,11,12,11,11
go_goroutines&user:80&user,13,13,13,13,12,13,13,14,13,12,13,12,13,13,13,12,14,12,13
go_memstats_alloc_bytes&catalogue:80&catalogue,2836824,2850488,2849848,2859720,2865352,2861248,2865464,2872584,2870504,2879688,2884696,2884192,2880816,2890240,2892152,2887920,2889880,2891216,2900648
go_memstats_alloc_bytes&payment:80&payment,1891744,1828400,1833496,1833800,1840768,1847288,1848896,1850560,1850144,1853392,1857984,1859888,1860696,1860304,1861072,1869264,1872032,1873824,1874064
go_memstats_alloc_bytes&user:80&user,2930584,2948488,3039416,3038792,3059320,3071640,3077152,3083304,3021512,3031080,3094992,3089640,3090408,3095624,3094080,3017032,3100680,3083680,3081648
go_memstats_alloc_bytes_total&catalogue:80&catalogue,5094816,16119880,27113288,38125824,49133368,60135544,71148224,82144904,93138496,104144096,115143944,126140536,137134176,148143920,159138136,170124552,181117280,192116320,203113312
go_memstats_alloc_bytes_total&payment:80&payment,4934120,15943080,26935584,37926832,48921432,59928568,70918032,81901368,92900376,103899424,114893952,125887680,136885216,147884296,158888472,169902408,180895784,191891568,202882792
go_memstats_alloc_bytes_total&user:80&user,5245440,16302096,27360456,38396824,49448384,60505400,71561664,82612568,93662920,104705320,115740640,126784464,137829992,148877896,159919992,170961728,182018544,193053264,204108584
go_memstats_buck_hash_sys_bytes&catalogue:80&catalogue,1443646,1444390,1444638,1445542,1445806,1446478,1446742,1446742,1446918,1447142,1447142,1447310,1447310,1447310,1447702,1448174,1448174,1448174,1448870
go_memstats_buck_hash_sys_bytes&payment:80&payment,1443530,1444234,1444858,1445570,1446178,1446378,1446850,1447242,1447242,1447962,1448170,1448170,1448602,1448874,1449298,1449786,1449786,1450298,1451026
go_memstats_buck_hash_sys_bytes&user:80&user,1443648,1444368,1444832,1444832,1445968,1446176,1446592,1447256,1447688,1448144,1448352,1448784,1448952,1449128,1449664,1450176,1450344,1450784,1451376
go_memstats_frees_total&catalogue:80&catalogue,5829,22587,39301,56026,72748,89487,106243,122936,139651,156374,173072,189785,206515,223257,239948,256612,273316,290011,306687
go_memstats_frees_total&payment:80&payment,6097,23166,39862,56518,73229,89971,106641,123317,140026,156744,173436,190139,206875,223592,240329,257054,273722,290439,307124
go_memstats_frees_total&user:80&user,7649,24947,41884,59238,76384,93650,110981,128312,145968,163288,180263,197620,214931,232238,249574,267238,284231,301504,318821
go_memstats_gc_sys_bytes&catalogue:80&catalogue,401408,524288,524288,524288,524288,524288,524288,524288,524288,524288,524288,524288,524288,524288,524288,524288,524288,524288,524288
go_memstats_gc_sys_bytes&payment:80&payment,411648,524288,524288,524288,524288,524288,524288,524288,524288,524288,524288,524288,524288,524288,524288,524288,524288,524288,524288
go_memstats_gc_sys_bytes&user:80&user,393216,524288,524288,524288,524288,524288,524288,524288,557056,557056,557056,557056,557056,557056,557056,557056,557056,557056,557056
go_memstats_heap_alloc_bytes&catalogue:80&catalogue,2836824,2850488,2849848,2859720,2865352,2861248,2865464,2872584,2870504,2879688,2884696,2884192,2880816,2890240,2892152,2887920,2889880,2891216,2900648
go_memstats_heap_alloc_bytes&payment:80&payment,1891744,1828400,1833496,1833800,1840768,1847288,1848896,1850560,1850144,1853392,1857984,1859888,1860696,1860304,1861072,1869264,1872032,1873824,1874064
go_memstats_heap_alloc_bytes&user:80&user,2930584,2948488,3039416,3038792,3059320,3071640,3077152,3083304,3021512,3031080,3094992,3089640,3090408,3095624,3094080,3017032,3100680,3083680,3081648
go_memstats_heap_idle_bytes&catalogue:80&catalogue,1679360,2646016,2596864,2605056,2564096,2555904,2564096,2514944,2539520,2523136,2490368,2498560,2490368,2473984,2490368,2449408,2465792,2408448,2342912
go_memstats_heap_idle_bytes&payment:80&payment,2637824,3694592,3678208,3710976,3637248,3670016,3661824,3637248,3645440,3579904,3588096,3612672,3612672,3620864,3620864,3571712,3563520,3571712,3571712
go_memstats_heap_idle_bytes&user:80&user,1720320,2498560,2506752,2342912,2416640,2383872,2244608,2260992,3309568,3399680,3293184,3235840,3284992,3268608,3276800,3383296,3211264,3276800,3317760
go_memstats_heap_inuse_bytes&catalogue:80&catalogue,3792896,3678208,3694592,3686400,3694592,3702784,3694592,3743744,3686400,3702784,3702784,3694592,3702784,3719168,3702784,3743744,3727360,3751936,3784704
go_memstats_heap_inuse_bytes&payment:80&payment,2768896,2564096,2580480,2547712,2588672,2555904,2564096,2588672,2547712,2613248,2605056,2580480,2580480,2572288,2572288,2588672,2596864,2588672,2588672
go_memstats_heap_inuse_bytes&user:80&user,3751936,3727360,3751936,3817472,3776512,3809280,3850240,3833856,3801088,3743744,3850240,3874816,3858432,3874816,3866624,3760128,3932160,3866624,3858432
go_memstats_heap_objects&catalogue:80&catalogue,12616,12664,12693,12721,12745,12718,12756,12781,12749,12802,12818,12806,12812,12838,12900,12855,12853,12856,12855
go_memstats_heap_objects&payment:80&payment,11714,11399,11455,11385,11445,11505,11475,11496,11482,11499,11504,11540,11549,11522,11530,11555,11552,11587,11592
go_memstats_heap_objects&user:80&user,12895,12921,13421,13370,13598,13655,13640,13707,13446,13505,13791,13764,13735,13754,13750,13447,13810,13597,13627
go_memstats_heap_released_bytes&catalogue:80&catalogue,0,0,0,0,0,0,24576,24576,24576,24576,24576,24576,24576,24576,24576,24576,49152,24576,0
go_memstats_heap_released_bytes&payment:80&payment,0,0,0,0,0,0,0,0,0,0,0,0,0,0,0,0,0,0,0
go_memstats_heap_released_bytes_total&user:80&user,0,0,0,0,0,0,0,0,0,0,0,0,0,0,0,0,0,0,0
go_memstats_heap_sys_bytes&catalogue:80&catalogue,5472256,6324224,6291456,6291456,6258688,6258688,6258688,6258688,6225920,6225920,6193152,6193152,6193152,6193152,6193152,6193152,6193152,6160384,6127616
go_memstats_heap_sys_bytes&payment:80&payment,5406720,6258688,6258688,6258688,6225920,6225920,6225920,6225920,6193152,6193152,6193152,6193152,6193152,6193152,6193152,6160384,6160384,6160384,6160384
go_memstats_heap_sys_bytes&user:80&user,5472256,6225920,6258688,6160384,6193152,6193152,6094848,6094848,7110656,7143424,7143424,7110656,7143424,7143424,7143424,7143424,7143424,7143424,7176192
go_memstats_last_gc_time_seconds&catalogue:80&catalogue,1669880177.293254,1669880237.2909725,1669880297.2909145,1669880357.2916281,1669880417.2915606,1669880477.291326,1669880537.2915733,1669880596.1042624,1669880656.1041868,1669880716.1043012,1669880776.104064,1669880836.103549,1669880896.103426,1669880956.1035028,1669881016.1044064,1669881076.1042829,1669881136.104007,1669881196.1044338,1669881256.1046915
go_memstats_last_gc_time_seconds&payment:80&payment,1669880181.4019244,1669880241.4007573,1669880301.4002957,1669880361.4005363,1669880421.4014401,1669880481.4012783,1669880541.4009857,1669880600.213634,1669880660.2136123,1669880720.2133849,1669880780.2140062,1669880840.2137835,1669880900.2135148,1669880960.2132623,1669881020.2133894,1669881080.2133534,1669881140.212803,1669881200.2139053,1669881260.213511
go_memstats_last_gc_time_seconds&user:80&user,1669880177.0564456,1669880237.055234,1669880292.0591276,1669880357.0556319,1669880414.0639427,1669880475.0667102,1669880536.0695777,1669880595.868144,1669880655.8683803,1669880715.868402,1669880775.8678768,1669880835.868476,1669880895.8683963,1669880955.8684506,1669881015.8682435,1669881075.868248,1669881135.8683686,1669881195.8681948,1669881255.8684273
go_memstats_lookups_total&catalogue:80&catalogue,52,149,244,340,436,532,628,724,820,916,1012,1109,1204,1302,1396,1492,1588,1684,1780
go_memstats_lookups_total&payment:80&payment,41,137,233,329,425,522,617,713,809,905,1002,1097,1194,1289,1385,1481,1578,1673,1769
go_memstats_lookups_total&user:80&user,79,187,299,415,528,646,763,879,994,1104,1224,1342,1460,1579,1697,1806,1926,2037,2152
go_memstats_mallocs_total&catalogue:80&catalogue,18445,35251,51994,68747,85493,102205,118999,135717,152400,169176,185890,202591,219327,236095,252848,269467,286169,302867,319542
go_memstats_mallocs_total&payment:80&payment,17811,34565,51317,67903,84674,101476,118116,134813,151508,168243,184940,201679,218424,235114,251859,268609,285274,302026,318716
go_memstats_mallocs_total&user:80&user,20544,37868,55305,72608,89982,107305,124621,142019,159414,176793,194054,211384,228666,245992,263324,280685,298041,315101,332448
go_memstats_mcache_inuse_bytes&catalogue:80&catalogue,19200,19200,19200,19200,19200,19200,19200,19200,19200,19200,19200,19200,19200,19200,19200,19200,19200,19200,19200
go_memstats_mcache_inuse_bytes&payment:80&payment,19200,19200,19200,19200,19200,19200,19200,19200,19200,19200,19200,19200,19200,19200,19200,19200,19200,19200,19200
go_memstats_mcache_inuse_bytes&user:80&user,19200,19200,19200,19200,19200,19200,19200,19200,19200,19200,19200,19200,19200,19200,19200,19200,19200,19200,19200
go_memstats_mcache_sys_bytes&catalogue:80&catalogue,32768,32768,32768,32768,32768,32768,32768,32768,32768,32768,32768,32768,32768,32768,32768,32768,32768,32768,32768
go_memstats_mcache_sys_bytes&payment:80&payment,32768,32768,32768,32768,32768,32768,32768,32768,32768,32768,32768,32768,32768,32768,32768,32768,32768,32768,32768
go_memstats_mcache_sys_bytes&user:80&user,32768,32768,32768,32768,32768,32768,32768,32768,32768,32768,32768,32768,32768,32768,32768,32768,32768,32768,32768
go_memstats_mspan_inuse_bytes&catalogue:80&catalogue,39360,39040,39360,39200,39520,39520,39840,39520,39360,39520,39840,39680,39680,40000,39680,40320,39840,40160,40480
go_memstats_mspan_inuse_bytes&payment:80&payment,37760,36320,36320,36480,36480,36320,36640,36160,36160,37120,37120,36960,36640,36480,36640,36800,37280,36800,37280
go_memstats_mspan_inuse_bytes&user:80&user,39360,39840,39200,41120,40320,41120,41280,41760,42080,41440,42400,42880,42400,42880,42240,42240,43360,42400,42400
go_memstats_mspan_sys_bytes&catalogue:80&catalogue,49152,49152,49152,49152,49152,49152,49152,49152,49152,49152,49152,49152,49152,49152,49152,49152,49152,49152,49152
go_memstats_mspan_sys_bytes&payment:80&payment,49152,49152,49152,49152,49152,49152,49152,49152,49152,49152,49152,49152,49152,49152,49152,49152,49152,49152,49152
go_memstats_mspan_sys_bytes&user:80&user,49152,49152,49152,49152,49152,49152,49152,49152,49152,49152,49152,49152,49152,49152,49152,49152,49152,49152,49152
go_memstats_next_gc_bytes&catalogue:80&catalogue,4194304,4194304,4194304,4194304,4194304,4194304,4194304,4194304,4194304,4194304,4194304,4194304,4194304,4194304,4194304,4194304,4194304,4194304,4194304
go_memstats_next_gc_bytes&payment:80&payment,4194304,4194304,4194304,4194304,4194304,4194304,4194304,4194304,4194304,4194304,4194304,4194304,4194304,4194304,4194304,4194304,4194304,4194304,4194304
go_memstats_next_gc_bytes&user:80&user,4194304,4194304,4194304,4194304,4194304,4194304,4194304,4194304,4194304,4194304,4194304,4194304,4194304,4194304,4194304,4194304,4194304,4194304,4194304
go_memstats_other_sys_bytes&catalogue:80&catalogue,1782202,3329746,3329498,3328594,3328330,3327658,3327394,3327394,3327218,3326994,3326994,3326826,3326826,3326826,3326434,3325962,3325962,3325962,3325266
go_memstats_other_sys_bytes&payment:80&payment,2558510,3329902,3329278,3328566,3327958,3327758,3327286,3326894,3326894,3326174,3325966,3325966,3325534,3325262,3324838,3324350,3324350,3323838,3323110
go_memstats_other_sys_bytes&user:80&user,1790392,3329768,3329304,3329304,3328168,3327960,3327544,3326880,3330544,3330088,3329880,3329448,3329280,3329104,3328568,3328056,3327888,3327448,3326856
go_memstats_stack_inuse_bytes&catalogue:80&catalogue,1867776,2064384,2097152,2097152,2129920,2129920,2129920,2129920,2162688,2162688,2195456,2195456,2195456,2195456,2195456,2195456,2195456,2228224,2260992
go_memstats_stack_inuse_bytes&payment:80&payment,1933312,2129920,2129920,2129920,2162688,2162688,2162688,2162688,2195456,2195456,2195456,2195456,2195456,2195456,2195456,2228224,2228224,2228224,2228224
go_memstats_stack_inuse_bytes&user:80&user,1867776,2162688,2129920,2228224,2195456,2195456,2293760,2293760,2326528,2293760,2293760,2326528,2293760,2293760,2293760,2293760,2293760,2293760,2260992
go_memstats_stack_sys_bytes&catalogue:80&catalogue,1867776,2064384,2097152,2097152,2129920,2129920,2129920,2129920,2162688,2162688,2195456,2195456,2195456,2195456,2195456,2195456,2195456,2228224,2260992
go_memstats_stack_sys_bytes&payment:80&payment,1933312,2129920,2129920,2129920,2162688,2162688,2162688,2162688,2195456,2195456,2195456,2195456,2195456,2195456,2195456,2228224,2228224,2228224,2228224
go_memstats_stack_sys_bytes&user:80&user,1867776,2162688,2129920,2228224,2195456,2195456,2293760,2293760,2326528,2293760,2293760,2326528,2293760,2293760,2293760,2293760,2293760,2293760,2260992
go_memstats_sys_bytes&catalogue:80&catalogue,11049208,13768952,13768952,13768952,13768952,13768952,13768952,13768952,13768952,13768952,13768952,13768952,13768952,13768952,13768952,13768952,13768952,13768952,13768952
go_memstats_sys_bytes&payment:80&payment,11835640,13768952,13768952,13768952,13768952,13768952,13768952,13768952,13768952,13768952,13768952,13768952,13768952,13768952,13768952,13768952,13768952,13768952,13768952
go_memstats_sys_bytes&user:80&user,11049208,13768952,13768952,13768952,13768952,13768952,13768952,13768952,14854392,14854392,14854392,14854392,14854392,14854392,14854392,14854392,14854392,14854392,14854392
heap&carts:80&cart,131072,131072,131072,131072,131072,131072,131072,131072,131072,131072,131072,131072,131072,131072,131072,131072,131072,131072,131072
heap&orders:80&orders,131072,131072,131072,131072,131072,131072,131072,131072,131072,131072,131072,131072,131072,131072,131072,131072,131072,131072,131072
heap&shipping:80&shipping,131072,131072,131072,131072,131072,131072,131072,131072,131072,131072,131072,131072,131072,131072,131072,131072,131072,131072,131072
heap_committed&carts:80&cart,131072,131072,131072,131072,131072,131072,131072,131072,131072,131072,131072,131072,131072,131072,131072,131072,131072,131072,131072
heap_committed&orders:80&orders,131072,131072,131072,131072,131072,131072,131072,131072,131072,131072,131072,131072,131072,131072,131072,131072,131072,131072,131072
heap_committed&shipping:80&shipping,131072,131072,131072,131072,131072,131072,131072,131072,131072,131072,131072,131072,131072,131072,131072,131072,131072,131072,131072
heap_init&carts:80&cart,65536,65536,65536,65536,65536,65536,65536,65536,65536,65536,65536,65536,65536,65536,65536,65536,65536,65536,65536
heap_init&orders:80&orders,65536,65536,65536,65536,65536,65536,65536,65536,65536,65536,65536,65536,65536,65536,65536,65536,65536,65536,65536
heap_init&shipping:80&shipping,65536,65536,65536,65536,65536,65536,65536,65536,65536,65536,65536,65536,65536,65536,65536,65536,65536,65536,65536
heap_used&carts:80&cart,74568,75592,77640,77640,79688,80712,81736,83784,84808,85832,86856,87880,89928,90952,91976,93000,94024,95048,97096
heap_used&orders:80&orders,54641,55665,57713,58737,59761,60785,61809,63857,64881,66929,66929,68977,70001,71025,72049,73073,75121,76145,77169
heap_used&shipping:80&shipping,89592,91640,92664,94712,94712,95736,97784,98808,98808,100856,101880,102904,103928,104952,105976,107000,108024,57464,58488
httpsessions_active&carts:80&cart,0,0,0,0,0,0,0,0,0,0,0,0,0,0,0,0,0,0,0
httpsessions_active&orders:80&orders,0,0,0,0,0,0,0,0,0,0,0,0,0,0,0,0,0,0,0
httpsessions_active&shipping:80&shipping,0,0,0,0,0,0,0,0,0,0,0,0,0,0,0,0,0,0,0
httpsessions_max&carts:80&cart,-1,-1,-1,-1,-1,-1,-1,-1,-1,-1,-1,-1,-1,-1,-1,-1,-1,-1,-1
httpsessions_max&orders:80&orders,-1,-1,-1,-1,-1,-1,-1,-1,-1,-1,-1,-1,-1,-1,-1,-1,-1,-1,-1
httpsessions_max&shipping:80&shipping,-1,-1,-1,-1,-1,-1,-1,-1,-1,-1,-1,-1,-1,-1,-1,-1,-1,-1,-1
instance_uptime&carts:80&cart,127908,187908,247908,307907,367907,427908,487907,551720,611720,671720,731720,791720,851720,911720,971719,1031720,1091720,1151721,1211720
instance_uptime&orders:80&orders,125386,185386,245386,305385,365385,425385,485385,549198,609198,669197,729197,789198,849198,909198,969198,1029198,1089197,1149197,1209198
instance_uptime&shipping:80&shipping,130999,190998,250998,310998,370999,430998,490999,549810,609811,669811,729811,789811,849811,909810,969811,1029811,1089811,1149810,1209810
jvm_classes_loaded&carts:80&cart,8052,8053,8053,8053,8053,8053,8053,8053,8053,8053,8053,8053,8053,8053,8053,8053,8053,8053,8053
jvm_classes_loaded&orders:80&orders,8095,8096,8096,8096,8096,8096,8096,8096,8096,8096,8096,8096,8096,8096,8096,8096,8096,8096,8096
jvm_classes_loaded&shipping:80&shipping,7429,7430,7430,7430,7430,7430,7430,7430,7430,7430,7430,7430,7430,7430,7430,7430,7430,7430,7430
jvm_classes_loaded_total&carts:80&cart,8052,8053,8053,8053,8053,8053,8053,8053,8053,8053,8053,8053,8053,8053,8053,8053,8053,8053,8053
jvm_classes_loaded_total&orders:80&orders,8095,8096,8096,8096,8096,8096,8096,8096,8096,8096,8096,8096,8096,8096,8096,8096,8096,8096,8096
jvm_classes_loaded_total&shipping:80&shipping,7429,7430,7430,7430,7430,7430,7430,7430,7430,7430,7430,7430,7430,7430,7430,7430,7430,7430,7430
jvm_classes_unloaded_total&carts:80&cart,0,0,0,0,0,0,0,0,0,0,0,0,0,0,0,0,0,0,0
jvm_classes_unloaded_total&orders:80&orders,0,0,0,0,0,0,0,0,0,0,0,0,0,0,0,0,0,0,0
jvm_classes_unloaded_total&shipping:80&shipping,0,0,0,0,0,0,0,0,0,0,0,0,0,0,0,0,0,0,0
jvm_gc_collection_seconds_count&G1 Old Generation&carts:80&cart,0,0,0,0,0,0,0,0,0,0,0,0,0,0,0,0,0,0,0
jvm_gc_collection_seconds_count&G1 Old Generation&orders:80&orders,0,0,0,0,0,0,0,0,0,0,0,0,0,0,0,0,0,0,0
jvm_gc_collection_seconds_count&G1 Old Generation&shipping:80&shipping,0,0,0,0,0,0,0,0,0,0,0,0,0,0,0,0,0,0,0
jvm_gc_collection_seconds_count&G1 Young Generation&carts:80&cart,60,60,60,60,60,60,60,60,60,60,60,60,60,60,60,60,60,60,60
jvm_gc_collection_seconds_count&G1 Young Generation&orders:80&orders,60,60,60,60,60,60,60,60,60,60,60,60,60,60,60,60,60,60,60
jvm_gc_collection_seconds_count&G1 Young Generation&shipping:80&shipping,57,57,57,57,57,57,57,57,57,57,57,57,57,57,57,57,57,58,58
jvm_gc_collection_seconds_sum&G1 Old Generation&carts:80&cart,0,0,0,0,0,0,0,0,0,0,0,0,0,0,0,0,0,0,0
jvm_gc_collection_seconds_sum&G1 Old Generation&orders:80&orders,0,0,0,0,0,0,0,0,0,0,0,0,0,0,0,0,0,0,0
jvm_gc_collection_seconds_sum&G1 Old Generation&shipping:80&shipping,0,0,0,0,0,0,0,0,0,0,0,0,0,0,0,0,0,0,0
jvm_gc_collection_seconds_sum&G1 Young Generation&carts:80&cart,3.24,3.24,3.24,3.24,3.24,3.24,3.24,3.24,3.24,3.24,3.24,3.24,3.24,3.24,3.24,3.24,3.24,3.24,3.24
jvm_gc_collection_seconds_sum&G1 Young Generation&orders:80&orders,2.952,2.952,2.952,2.952,2.952,2.952,2.952,2.952,2.952,2.952,2.952,2.952,2.952,2.952,2.952,2.952,2.952,2.952,2.952
jvm_gc_collection_seconds_sum&G1 Young Generation&shipping:80&shipping,3.121,3.121,3.121,3.121,3.121,3.121,3.121,3.121,3.121,3.121,3.121,3.121,3.121,3.121,3.121,3.121,3.121,3.126,3.126
jvm_info&carts:80&cart&Oracle Corporation&1.8.0_111-internal-alpine-r0-b14,1,1,1,1,1,1,1,1,1,1,1,1,1,1,1,1,1,1,1
jvm_info&orders:80&orders&Oracle Corporation&1.8.0_111-internal-alpine-r0-b14,1,1,1,1,1,1,1,1,1,1,1,1,1,1,1,1,1,1,1
jvm_info&shipping:80&shipping&Oracle Corporation&1.8.0_111-internal-alpine-r0-b14,1,1,1,1,1,1,1,1,1,1,1,1,1,1,1,1,1,1,1
jvm_memory_bytes_committed&heap&carts:80&cart,134217728,134217728,134217728,134217728,134217728,134217728,134217728,134217728,134217728,134217728,134217728,134217728,134217728,134217728,134217728,134217728,134217728,134217728,134217728
jvm_memory_bytes_committed&heap&orders:80&orders,134217728,134217728,134217728,134217728,134217728,134217728,134217728,134217728,134217728,134217728,134217728,134217728,134217728,134217728,134217728,134217728,134217728,134217728,134217728
jvm_memory_bytes_committed&heap&shipping:80&shipping,134217728,134217728,134217728,134217728,134217728,134217728,134217728,134217728,134217728,134217728,134217728,134217728,134217728,134217728,134217728,134217728,134217728,134217728,134217728
jvm_memory_bytes_committed&nonheap&carts:80&cart,75685888,75685888,75685888,75948032,75948032,75948032,75948032,75948032,75948032,75948032,75948032,75948032,75948032,75948032,76210176,76210176,76210176,76210176,76210176
jvm_memory_bytes_committed&nonheap&orders:80&orders,75104256,75366400,75366400,75366400,75366400,75628544,75628544,75628544,75628544,75628544,75628544,75628544,75628544,75628544,75628544,75628544,75890688,75890688,75890688
jvm_memory_bytes_committed&nonheap&shipping:80&shipping,71925760,71925760,71925760,72187904,72187904,72187904,72187904,72187904,72187904,72187904,72187904,72187904,72187904,72187904,72187904,72187904,72187904,72187904,72187904
jvm_memory_bytes_used&heap&carts:80&cart,76358288,77406864,79504016,79504016,81601168,82649744,83698320,85795472,86844048,87892624,88941200,89989776,92086928,93135504,94184080,95232656,96281232,97329808,99426960
jvm_memory_bytes_used&heap&orders:80&orders,55953120,57001696,59098848,60147424,61196000,62244576,63293152,65390304,66438880,68536032,68536032,70633184,71681760,72730336,73778912,74827488,76924640,77973216,79021792
jvm_memory_bytes_used&heap&shipping:80&shipping,91742320,93839472,94888048,96985200,96985200,98033776,100130928,101179504,101179504,103276656,104325232,105373808,106422384,107470960,108519536,109568112,110616688,58843648,59892224
jvm_memory_bytes_used&nonheap&carts:80&cart,72816896,72137904,72499112,72631144,72746224,72890560,72893632,73125976,73238512,73323928,73410016,73731848,73774008,73812336,73878896,73884176,74099576,74156800,74189832
jvm_memory_bytes_used&nonheap&orders:80&orders,72036928,72029008,72267056,72548808,72686576,72850440,72851728,73086184,73169656,73267168,73332936,73648384,73724440,73736528,73804144,73802416,73984184,74045440,74074120
jvm_memory_bytes_used&nonheap&shipping:80&shipping,69359200,68651096,69019448,68879248,68987368,69118312,69180008,69307120,69372392,69439928,69537496,69829192,69855224,69819952,69898760,69907528,70047600,70089728,70130632
jvm_memory_pool_bytes_committed&carts:80&cart&Code Cache,25821184,25821184,25821184,25821184,25821184,25821184,25821184,25821184,25821184,25821184,25821184,25821184,25821184,25821184,25821184,25821184,25821184,25821184,25821184
jvm_memory_pool_bytes_committed&carts:80&cart&Compressed Class Space,5533696,5533696,5533696,5533696,5533696,5533696,5533696,5533696,5533696,5533696,5533696,5533696,5533696,5533696,5533696,5533696,5533696,5533696,5533696
jvm_memory_pool_bytes_committed&carts:80&cart&G1 Eden Space,50331648,50331648,50331648,50331648,50331648,50331648,50331648,50331648,50331648,50331648,50331648,50331648,50331648,50331648,50331648,50331648,50331648,50331648,50331648
jvm_memory_pool_bytes_committed&carts:80&cart&G1 Old Gen,77594624,77594624,77594624,77594624,77594624,77594624,77594624,77594624,77594624,77594624,77594624,77594624,77594624,77594624,77594624,77594624,77594624,77594624,77594624
jvm_memory_pool_bytes_committed&carts:80&cart&G1 Survivor Space,6291456,6291456,6291456,6291456,6291456,6291456,6291456,6291456,6291456,6291456,6291456,6291456,6291456,6291456,6291456,6291456,6291456,6291456,6291456
jvm_memory_pool_bytes_committed&carts:80&cart&Metaspace,44331008,44331008,44331008,44593152,44593152,44593152,44593152,44593152,44593152,44593152,44593152,44593152,44593152,44593152,44855296,44855296,44855296,44855296,44855296
jvm_memory_pool_bytes_committed&orders:80&orders&Code Cache,25296896,25296896,25296896,25296896,25296896,25296896,25296896,25296896,25296896,25296896,25296896,25296896,25296896,25296896,25296896,25296896,25296896,25296896,25296896
jvm_memory_pool_bytes_committed&orders:80&orders&Compressed Class Space,5505024,5505024,5505024,5505024,5505024,5505024,5505024,5505024,5505024,5505024,5505024,5505024,5505024,5505024,5505024,5505024,5505024,5505024,5505024
jvm_memory_pool_bytes_committed&orders:80&orders&G1 Eden Space,76546048,76546048,76546048,76546048,76546048,76546048,76546048,76546048,76546048,76546048,76546048,76546048,76546048,76546048,76546048,76546048,76546048,76546048,76546048
jvm_memory_pool_bytes_committed&orders:80&orders&G1 Old Gen,56623104,56623104,56623104,56623104,56623104,56623104,56623104,56623104,56623104,56623104,56623104,56623104,56623104,56623104,56623104,56623104,56623104,56623104,56623104
jvm_memory_pool_bytes_committed&orders:80&orders&G1 Survivor Space,1048576,1048576,1048576,1048576,1048576,1048576,1048576,1048576,1048576,1048576,1048576,1048576,1048576,1048576,1048576,1048576,1048576,1048576,1048576
jvm_memory_pool_bytes_committed&orders:80&orders&Metaspace,44302336,44564480,44564480,44564480,44564480,44826624,44826624,44826624,44826624,44826624,44826624,44826624,44826624,44826624,44826624,44826624,45088768,45088768,45088768
jvm_memory_pool_bytes_committed&shipping:80&shipping&Code Cache,25362432,25362432,25362432,25362432,25362432,25362432,25362432,25362432,25362432,25362432,25362432,25362432,25362432,25362432,25362432,25362432,25362432,25362432,25362432
jvm_memory_pool_bytes_committed&shipping:80&shipping&Compressed Class Space,5062656,5062656,5062656,5062656,5062656,5062656,5062656,5062656,5062656,5062656,5062656,5062656,5062656,5062656,5062656,5062656,5062656,5062656,5062656
jvm_memory_pool_bytes_committed&shipping:80&shipping&G1 Eden Space,60817408,60817408,60817408,60817408,60817408,60817408,60817408,60817408,60817408,60817408,60817408,60817408,60817408,60817408,60817408,60817408,60817408,57671680,57671680
jvm_memory_pool_bytes_committed&shipping:80&shipping&G1 Old Gen,65011712,65011712,65011712,65011712,65011712,65011712,65011712,65011712,65011712,65011712,65011712,65011712,65011712,65011712,65011712,65011712,65011712,68157440,68157440
jvm_memory_pool_bytes_committed&shipping:80&shipping&G1 Survivor Space,8388608,8388608,8388608,8388608,8388608,8388608,8388608,8388608,8388608,8388608,8388608,8388608,8388608,8388608,8388608,8388608,8388608,8388608,8388608
jvm_memory_pool_bytes_committed&shipping:80&shipping&Metaspace,41500672,41500672,41500672,41762816,41762816,41762816,41762816,41762816,41762816,41762816,41762816,41762816,41762816,41762816,41762816,41762816,41762816,41762816,41762816
jvm_memory_pool_bytes_max&carts:80&cart&Code Cache,251658240,251658240,251658240,251658240,251658240,251658240,251658240,251658240,251658240,251658240,251658240,251658240,251658240,251658240,251658240,251658240,251658240,251658240,251658240
jvm_memory_pool_bytes_max&carts:80&cart&Compressed Class Space,1073741824,1073741824,1073741824,1073741824,1073741824,1073741824,1073741824,1073741824,1073741824,1073741824,1073741824,1073741824,1073741824,1073741824,1073741824,1073741824,1073741824,1073741824,1073741824
jvm_memory_pool_bytes_max&carts:80&cart&G1 Eden Space,-1,-1,-1,-1,-1,-1,-1,-1,-1,-1,-1,-1,-1,-1,-1,-1,-1,-1,-1
jvm_memory_pool_bytes_max&carts:80&cart&G1 Old Gen,134217728,134217728,134217728,134217728,134217728,134217728,134217728,134217728,134217728,134217728,134217728,134217728,134217728,134217728,134217728,134217728,134217728,134217728,134217728
jvm_memory_pool_bytes_max&carts:80&cart&G1 Survivor Space,-1,-1,-1,-1,-1,-1,-1,-1,-1,-1,-1,-1,-1,-1,-1,-1,-1,-1,-1
jvm_memory_pool_bytes_max&carts:80&cart&Metaspace,-1,-1,-1,-1,-1,-1,-1,-1,-1,-1,-1,-1,-1,-1,-1,-1,-1,-1,-1
jvm_memory_pool_bytes_max&orders:80&orders&Code Cache,251658240,251658240,251658240,251658240,251658240,251658240,251658240,251658240,251658240,251658240,251658240,251658240,251658240,251658240,251658240,251658240,251658240,251658240,251658240
jvm_memory_pool_bytes_max&orders:80&orders&Compressed Class Space,1073741824,1073741824,1073741824,1073741824,1073741824,1073741824,1073741824,1073741824,1073741824,1073741824,1073741824,1073741824,1073741824,1073741824,1073741824,1073741824,1073741824,1073741824,1073741824
jvm_memory_pool_bytes_max&orders:80&orders&G1 Eden Space,-1,-1,-1,-1,-1,-1,-1,-1,-1,-1,-1,-1,-1,-1,-1,-1,-1,-1,-1
jvm_memory_pool_bytes_max&orders:80&orders&G1 Old Gen,134217728,134217728,134217728,134217728,134217728,134217728,134217728,134217728,134217728,134217728,134217728,134217728,134217728,134217728,134217728,134217728,134217728,134217728,134217728
jvm_memory_pool_bytes_max&orders:80&orders&G1 Survivor Space,-1,-1,-1,-1,-1,-1,-1,-1,-1,-1,-1,-1,-1,-1,-1,-1,-1,-1,-1
jvm_memory_pool_bytes_max&orders:80&orders&Metaspace,-1,-1,-1,-1,-1,-1,-1,-1,-1,-1,-1,-1,-1,-1,-1,-1,-1,-1,-1
jvm_memory_pool_bytes_max&shipping:80&shipping&Code Cache,251658240,251658240,251658240,251658240,251658240,251658240,251658240,251658240,251658240,251658240,251658240,251658240,251658240,251658240,251658240,251658240,251658240,251658240,251658240
jvm_memory_pool_bytes_max&shipping:80&shipping&Compressed Class Space,1073741824,1073741824,1073741824,1073741824,1073741824,1073741824,1073741824,1073741824,1073741824,1073741824,1073741824,1073741824,1073741824,1073741824,1073741824,1073741824,1073741824,1073741824,1073741824
jvm_memory_pool_bytes_max&shipping:80&shipping&G1 Eden Space,-1,-1,-1,-1,-1,-1,-1,-1,-1,-1,-1,-1,-1,-1,-1,-1,-1,-1,-1
jvm_memory_pool_bytes_max&shipping:80&shipping&G1 Old Gen,134217728,134217728,134217728,134217728,134217728,134217728,134217728,134217728,134217728,134217728,134217728,134217728,134217728,134217728,134217728,134217728,134217728,134217728,134217728
jvm_memory_pool_bytes_max&shipping:80&shipping&G1 Survivor Space,-1,-1,-1,-1,-1,-1,-1,-1,-1,-1,-1,-1,-1,-1,-1,-1,-1,-1,-1
jvm_memory_pool_bytes_max&shipping:80&shipping&Metaspace,-1,-1,-1,-1,-1,-1,-1,-1,-1,-1,-1,-1,-1,-1,-1,-1,-1,-1,-1
jvm_memory_pool_bytes_used&carts:80&cart&Code Cache,24256192,23490944,23781824,23829120,23921216,24041344,24033664,24220544,24312640,24379200,24452928,24700992,24720128,24756480,24815744,24820608,24984704,25035456,25065024
jvm_memory_pool_bytes_used&carts:80&cart&Compressed Class Space,5292760,5293776,5293776,5293776,5293776,5293776,5293776,5293776,5293776,5293776,5293776,5293776,5293776,5293776,5293776,5293776,5293776,5293776,5293776
jvm_memory_pool_bytes_used&carts:80&cart&G1 Eden Space,10485760,11534336,13631488,13631488,15728640,16777216,17825792,19922944,20971520,22020096,23068672,24117248,26214400,27262976,28311552,29360128,30408704,31457280,33554432
jvm_memory_pool_bytes_used&carts:80&cart&G1 Old Gen,59581072,59581072,59581072,59581072,59581072,59581072,59581072,59581072,59581072,59581072,59581072,59581072,59581072,59581072,59581072,59581072,59581072,59581072,59581072
jvm_memory_pool_bytes_used&carts:80&cart&G1 Survivor Space,6291456,6291456,6291456,6291456,6291456,6291456,6291456,6291456,6291456,6291456,6291456,6291456,6291456,6291456,6291456,6291456,6291456,6291456,6291456
jvm_memory_pool_bytes_used&carts:80&cart&Metaspace,43267944,43353184,43423512,43508248,43531232,43555440,43566192,43611656,43632096,43650952,43663312,43737080,43760104,43762080,43769376,43769792,43821096,43827568,43831032
jvm_memory_pool_bytes_used&orders:80&orders&Code Cache,23291328,23198272,23363648,23561216,23673792,23809664,23802432,23986944,24053824,24130624,24186880,24428992,24482368,24492480,24553984,24552256,24689600,24744896,24770112
jvm_memory_pool_bytes_used&orders:80&orders&Compressed Class Space,5318880,5319896,5319896,5319896,5319896,5319896,5319896,5319896,5319896,5319896,5319896,5319896,5319896,5319896,5319896,5319896,5319896,5319896,5319896
jvm_memory_pool_bytes_used&orders:80&orders&G1 Eden Space,10485760,11534336,13631488,14680064,15728640,16777216,17825792,19922944,20971520,23068672,23068672,25165824,26214400,27262976,28311552,29360128,31457280,32505856,33554432
jvm_memory_pool_bytes_used&orders:80&orders&G1 Old Gen,44418784,44418784,44418784,44418784,44418784,44418784,44418784,44418784,44418784,44418784,44418784,44418784,44418784,44418784,44418784,44418784,44418784,44418784,44418784
jvm_memory_pool_bytes_used&orders:80&orders&G1 Survivor Space,1048576,1048576,1048576,1048576,1048576,1048576,1048576,1048576,1048576,1048576,1048576,1048576,1048576,1048576,1048576,1048576,1048576,1048576,1048576
jvm_memory_pool_bytes_used&orders:80&orders&Metaspace,43426720,43510840,43583512,43667696,43692888,43720880,43729400,43779344,43795936,43816648,43826160,43899496,43922176,43924152,43930264,43930264,43974688,43980648,43984112
jvm_memory_pool_bytes_used&shipping:80&shipping&Code Cache,23950208,23195712,23477760,23306496,23385984,23495296,23539584,23637184,23690176,23738688,23822848,24049024,24074304,24035328,24107328,24116096,24223040,24257856,24294784
jvm_memory_pool_bytes_used&shipping:80&shipping&Compressed Class Space,4884704,4885720,4885720,4885720,4885720,4885720,4885720,4885720,4885720,4885720,4885720,4885720,4885720,4885720,4885720,4885720,4885720,4885720,4885720
jvm_memory_pool_bytes_used&shipping:80&shipping&G1 Eden Space,36700160,38797312,39845888,41943040,41943040,42991616,45088768,46137344,46137344,48234496,49283072,50331648,51380224,52428800,53477376,54525952,55574528,2097152,3145728
jvm_memory_pool_bytes_used&shipping:80&shipping&G1 Old Gen,46653552,46653552,46653552,46653552,46653552,46653552,46653552,46653552,46653552,46653552,46653552,46653552,46653552,46653552,46653552,46653552,46653552,48357888,48357888
jvm_memory_pool_bytes_used&shipping:80&shipping&G1 Survivor Space,8388608,8388608,8388608,8388608,8388608,8388608,8388608,8388608,8388608,8388608,8388608,8388608,8388608,8388608,8388608,8388608,8388608,8388608,8388608
jvm_memory_pool_bytes_used&shipping:80&shipping&Metaspace,40524288,40569664,40655968,40687032,40715664,40737296,40754704,40784216,40796496,40815520,40828928,40894448,40895200,40898904,40905712,40905712,40938840,40946152,40950128
jvm_threads_current&carts:80&cart,18,23,23,23,23,23,23,23,23,23,23,23,23,23,23,23,23,23,23
jvm_threads_current&orders:80&orders,18,23,23,23,23,23,23,23,23,23,23,23,23,23,23,23,23,23,23
jvm_threads_current&shipping:80&shipping,17,21,21,21,21,21,21,21,21,21,21,21,21,21,21,21,21,21,21
jvm_threads_daemon&carts:80&cart,16,21,21,21,21,21,21,21,21,21,21,21,21,21,21,21,21,21,21
jvm_threads_daemon&orders:80&orders,16,21,21,21,21,21,21,21,21,21,21,21,21,21,21,21,21,21,21
jvm_threads_daemon&shipping:80&shipping,15,19,19,19,19,19,19,19,19,19,19,19,19,19,19,19,19,19,19
jvm_threads_deadlocked&carts:80&cart,0,0,0,0,0,0,0,0,0,0,0,0,0,0,0,0,0,0,0
jvm_threads_deadlocked&orders:80&orders,0,0,0,0,0,0,0,0,0,0,0,0,0,0,0,0,0,0,0
jvm_threads_deadlocked&shipping:80&shipping,0,0,0,0,0,0,0,0,0,0,0,0,0,0,0,0,0,0,0
jvm_threads_deadlocked_monitor&carts:80&cart,0,0,0,0,0,0,0,0,0,0,0,0,0,0,0,0,0,0,0
jvm_threads_deadlocked_monitor&orders:80&orders,0,0,0,0,0,0,0,0,0,0,0,0,0,0,0,0,0,0,0
jvm_threads_deadlocked_monitor&shipping:80&shipping,0,0,0,0,0,0,0,0,0,0,0,0,0,0,0,0,0,0,0
jvm_threads_peak&carts:80&cart,18,23,23,23,23,23,23,23,23,23,23,23,23,23,23,23,23,23,23
jvm_threads_peak&orders:80&orders,18,23,23,23,23,23,23,23,23,23,23,23,23,23,23,23,23,23,23
jvm_threads_peak&shipping:80&shipping,17,21,21,21,21,21,21,21,21,21,21,21,21,21,21,21,21,21,21
jvm_threads_started_total&carts:80&cart,25,30,30,30,30,30,30,30,30,30,30,30,30,30,30,30,30,30,30
jvm_threads_started_total&orders:80&orders,25,30,30,30,30,30,30,30,30,30,30,30,30,30,30,30,30,30,30
jvm_threads_started_total&shipping:80&shipping,24,28,28,28,28,28,28,28,28,28,28,28,28,28,28,28,28,28,28
mem&carts:80&cart,202189,201530,201856,202004,202113,202254,202262,202484,202593,202679,202762,203079,203119,203154,203219,203224,203434,203490,203523
mem&orders:80&orders,201429,201412,201645,201917,202054,202215,202216,202444,202526,202621,202686,202994,203068,203080,203146,203144,203322,203382,203410
mem&shipping:80&shipping,198805,198114,198473,198338,198442,198570,198630,198754,198818,198884,198979,199264,199289,199255,199332,199341,199477,199519,199558
mem_free&carts:80&cart,56014,54455,52805,52407,50752,49470,48538,46983,45682,44384,43385,42167,40853,39829,38617,37446,36093,35003,33622
mem_free&orders:80&orders,76141,74710,72334,71766,70602,69262,68694,66521,65451,63857,63167,61526,60204,59636,58164,56974,55540,54641,53900
mem_free&shipping:80&shipping,40455,38664,38037,35989,35335,34596,32917,31893,31239,29462,28452,27797,26404,25095,24356,23047,22023,72828,72192
nodejs_active_handles_total&edge-router:80&frontend,5,5,5,5,5,5,5,5,5,5,5,5,5,5,5,74,74,66,66
nodejs_active_requests_total&edge-router:80&frontend,2,2,2,2,2,2,2,2,2,2,2,2,2,2,2,3,2,31,2
nodejs_eventloop_lag_seconds&edge-router:80&frontend,0.00017264,0.00014234,0.00012504,0.000221621,0.00012375,0.000192501,0.00018219,0.00013066,0.00012886,0.00015603,0.00021742,0.00013321,0.00013601,0.00012434,0.0001404,0.000241171,0.000534011,0.002885245,0.000179071
nodejs_heap_size_total_bytes&edge-router:80&frontend,24927600,24927600,23862384,23862384,24894320,24894320,24894320,24894320,24894320,24894320,24894320,24894320,24894320,24894320,24894320,64055152,66131056,66119024,65099120
nodejs_heap_size_used_bytes&edge-router:80&frontend,21672632,22736072,22145528,22264552,22288736,22282304,22281224,22241520,22295392,22274208,22296176,22545912,22497240,22492456,22441184,30842688,39000400,38737400,36276752
nonheap&carts:80&cart,0,0,0,0,0,0,0,0,0,0,0,0,0,0,0,0,0,0,0
nonheap&orders:80&orders,0,0,0,0,0,0,0,0,0,0,0,0,0,0,0,0,0,0,0
nonheap&shipping:80&shipping,0,0,0,0,0,0,0,0,0,0,0,0,0,0,0,0,0,0,0
nonheap_committed&carts:80&cart,73912,73912,73912,74168,74168,74168,74168,74168,74168,74168,74168,74168,74168,74168,74424,74424,74424,74424,74424
nonheap_committed&orders:80&orders,73344,73600,73600,73600,73600,73856,73856,73856,73856,73856,73856,73856,73856,73856,73856,73856,74112,74112,74112
nonheap_committed&shipping:80&shipping,70240,70240,70240,70496,70496,70496,70496,70496,70496,70496,70496,70496,70496,70496,70496,70496,70496,70496,70496
nonheap_init&carts:80&cart,2496,2496,2496,2496,2496,2496,2496,2496,2496,2496,2496,2496,2496,2496,2496,2496,2496,2496,2496
nonheap_init&orders:80&orders,2496,2496,2496,2496,2496,2496,2496,2496,2496,2496,2496,2496,2496,2496,2496,2496,2496,2496,2496
nonheap_init&shipping:80&shipping,2496,2496,2496,2496,2496,2496,2496,2496,2496,2496,2496,2496,2496,2496,2496,2496,2496,2496,2496
nonheap_used&carts:80&cart,71117,70447,70784,70934,71041,71182,71190,71412,71521,71607,71690,72007,72047,72082,72147,72152,72362,72418,72451
nonheap_used&orders:80&orders,70356,70340,70573,70845,70982,71143,71144,71372,71454,71549,71614,71922,71996,72008,72074,72072,72250,72310,72338
nonheap_used&shipping:80&shipping,67741,67042,67401,67266,67370,67498,67558,67682,67746,67812,67907,68192,68217,68183,68260,68269,68405,68447,68486
process_cpu_seconds_total&carts:80&cart,69.47,69.63,69.76,69.87,69.96,70.04,70.14,70.26,70.35,70.43,70.5,70.62,70.73,70.8,70.89,70.96,71.06,71.16,71.28
process_cpu_seconds_total&catalogue:80&catalogue,0.05,0.07,0.09,0.11,0.14,0.16,0.18,0.2,0.23,0.25,0.27,0.29,0.32,0.34,0.35,0.39,0.41,0.44,0.47
process_cpu_seconds_total&edge-router:80&frontend,0.08729400000000001,0.10662200000000001,0.12440500000000002,0.14037500000000003,0.157849,0.172295,0.188278,0.20328200000000002,0.22220600000000004,0.23681600000000005,0.25374800000000003,0.280401,0.29360600000000003,0.31008899999999995,0.32309599999999994,4.599901,27.450154000000005,55.683313999999996,91.545295
process_cpu_seconds_total&orders:80&orders,70.73,70.89,71.03,71.14,71.23,71.33,71.43,71.53,71.61,71.69,71.77,71.87,71.96,72.04,72.13,72.19,72.3,72.39,72.5
process_cpu_seconds_total&payment:80&payment,0.05,0.06,0.09,0.11,0.13,0.15,0.17,0.2,0.22,0.24,0.26,0.29,0.3,0.33,0.36,0.38,0.41,0.43,0.47
process_cpu_seconds_total&shipping:80&shipping,66.58,66.73,66.82,66.9,66.99,67.07,67.16,67.24,67.34,67.41,67.49,67.58,67.67,67.75,67.85,67.91,68.01,68.14,68.24
process_cpu_seconds_total&user:80&user,0.05,0.08,0.11,0.13,0.16,0.19,0.21,0.24,0.27,0.3,0.32,0.35,0.38,0.4,0.43,0.45,0.48,0.52,0.55
process_cpu_system_seconds_total&edge-router:80&frontend,0.030082,0.033710000000000004,0.034237000000000004,0.0354,0.037083000000000005,0.03998800000000001,0.041733000000000006,0.04523400000000001,0.04965,0.053059,0.05701,0.06961200000000001,0.07280700000000001,0.07679400000000002,0.07994100000000001,1.453911,8.270637,17.049072000000002,28.378072999999997
process_cpu_user_seconds_total&edge-router:80&frontend,0.057212000000000006,0.072912,0.09016800000000001,0.10497500000000001,0.12076600000000001,0.13230700000000004,0.146545,0.158048,0.17255599999999996,0.18375699999999998,0.19673799999999997,0.21078899999999995,0.22079899999999994,0.23329499999999992,0.24315499999999993,3.1459900000000003,19.179517,38.634242,63.167222
process_heap_bytes&edge-router:80&frontend,31436000,31436000,28364000,32204000,33228000,33228000,33228000,33228000,33228000,33228000,33228000,33228000,33228000,33228000,33228000,75404000,78796000,78788000,77976000
process_max_fds&carts:80&cart,1048576,1048576,1048576,1048576,1048576,1048576,1048576,1048576,1048576,1048576,1048576,1048576,1048576,1048576,1048576,1048576,1048576,1048576,1048576
process_max_fds&catalogue:80&catalogue,1048576,1048576,1048576,1048576,1048576,1048576,1048576,1048576,1048576,1048576,1048576,1048576,1048576,1048576,1048576,1048576,1048576,1048576,1048576
process_max_fds&edge-router:80&frontend,2619722,2619722,2619722,2619722,2619722,2619722,2619722,2619722,2619722,2619722,2619722,2619722,2619722,2619722,2619722,2619722,2619722,2619722,2619722
process_max_fds&orders:80&orders,1048576,1048576,1048576,1048576,1048576,1048576,1048576,1048576,1048576,1048576,1048576,1048576,1048576,1048576,1048576,1048576,1048576,1048576,1048576
process_max_fds&payment:80&payment,1048576,1048576,1048576,1048576,1048576,1048576,1048576,1048576,1048576,1048576,1048576,1048576,1048576,1048576,1048576,1048576,1048576,1048576,1048576
process_max_fds&shipping:80&shipping,1048576,1048576,1048576,1048576,1048576,1048576,1048576,1048576,1048576,1048576,1048576,1048576,1048576,1048576,1048576,1048576,1048576,1048576,1048576
process_max_fds&user:80&user,1048576,1048576,1048576,1048576,1048576,1048576,1048576,1048576,1048576,1048576,1048576,1048576,1048576,1048576,1048576,1048576,1048576,1048576,1048576
process_open_fds&carts:80&cart,29,29,29,29,29,29,29,29,29,29,29,29,29,29,29,29,29,29,29
process_open_fds&catalogue:80&catalogue,7,7,7,7,7,7,7,7,7,7,7,7,7,7,7,7,7,7,7
process_open_fds&edge-router:80&frontend,13,13,13,13,13,13,13,13,13,13,13,13,13,13,13,83,82,86,74
process_open_fds&orders:80&orders,29,29,29,29,29,29,29,29,29,29,29,29,29,29,29,29,29,29,29
process_open_fds&payment:80&payment,7,7,7,7,7,7,7,7,7,7,7,7,7,7,7,7,7,7,7
process_open_fds&shipping:80&shipping,29,29,29,29,29,29,29,29,29,29,29,29,29,29,29,29,29,29,29
process_open_fds&user:80&user,8,8,8,8,8,8,8,8,8,8,8,8,8,8,8,8,8,8,8
process_resident_memory_bytes&carts:80&cart,382251008,382365696,382365696,382402560,382402560,382402560,381902848,381173760,379437056,378064896,378064896,378064896,376381440,373911552,373149696,373149696,373149696,373284864,373284864
process_resident_memory_bytes&catalogue:80&catalogue,11046912,12603392,12603392,12603392,12603392,12603392,12558336,12558336,12558336,12558336,12558336,12558336,12558336,12558336,12558336,12558336,12533760,12533760,12533760
process_resident_memory_bytes&edge-router:80&frontend,41504000,41700000,38932000,39224000,39208000,39216000,38728000,38596000,39176000,39244000,39392000,39192000,39340000,39196000,39236000,81168000,86200000,86900000,84308000
process_resident_memory_bytes&orders:80&orders,355274752,355311616,355311616,355536896,355536896,355430400,354869248,354869248,354336768,352505856,352505856,352505856,351100928,350494720,349855744,349855744,349962240,349962240,349962240
process_resident_memory_bytes&payment:80&payment,10387456,11689984,11689984,11689984,11689984,11689984,11689984,11689984,11673600,11673600,11673600,11673600,11673600,11673600,11673600,11673600,11673600,11673600,11673600
process_resident_memory_bytes&shipping:80&shipping,363376640,363184128,363417600,363630592,363630592,363630592,363204608,363204608,362577920,361742336,361742336,361742336,361185280,359407616,357048320,357048320,357048320,356782080,356782080
process_resident_memory_bytes&user:80&user,11718656,13316096,13316096,13316096,13856768,14114816,14114816,14114816,14114816,14651392,14651392,14651392,14651392,14651392,14651392,14651392,14651392,14651392,14651392
process_start_time_seconds&carts:80&cart,1669880046.484,1669880046.484,1669880046.484,1669880046.484,1669880046.484,1669880046.484,1669880046.484,1669880046.484,1669880046.484,1669880046.484,1669880046.484,1669880046.484,1669880046.484,1669880046.484,1669880046.484,1669880046.484,1669880046.484,1669880046.484,1669880046.484
process_start_time_seconds&catalogue:80&catalogue,1669880038.83,1669880038.83,1669880038.83,1669880038.83,1669880038.83,1669880038.83,1669880038.83,1669880037.83,1669880037.83,1669880037.83,1669880037.83,1669880037.83,1669880037.83,1669880037.83,1669880037.83,1669880037.83,1669880037.83,1669880037.83,1669880037.83
process_start_time_seconds&edge-router:80&frontend,1669880048,1669880048,1669880048,1669880048,1669880048,1669880048,1669880048,1669880048,1669880048,1669880048,1669880048,1669880048,1669880048,1669880048,1669880048,1669880048,1669880048,1669880048,1669880048
process_start_time_seconds&orders:80&orders,1669880048.282,1669880048.282,1669880048.282,1669880048.282,1669880048.282,1669880048.282,1669880048.282,1669880048.282,1669880048.282,1669880048.282,1669880048.282,1669880048.282,1669880048.282,1669880048.282,1669880048.282,1669880048.282,1669880048.282,1669880048.282,1669880048.282
process_start_time_seconds&payment:80&payment,1669880038.73,1669880038.73,1669880038.73,1669880038.73,1669880038.73,1669880038.73,1669880038.73,1669880037.73,1669880037.73,1669880037.73,1669880037.73,1669880037.73,1669880037.73,1669880037.73,1669880037.73,1669880037.73,1669880037.73,1669880037.73,1669880037.73
process_start_time_seconds&shipping:80&shipping,1669880047.261,1669880047.261,1669880047.261,1669880047.261,1669880047.261,1669880047.261,1669880047.261,1669880047.261,1669880047.261,1669880047.261,1669880047.261,1669880047.261,1669880047.261,1669880047.261,1669880047.261,1669880047.261,1669880047.261,1669880047.261,1669880047.261
process_start_time_seconds&user:80&user,1669880038.83,1669880038.83,1669880038.83,1669880038.83,1669880038.83,1669880038.83,1669880038.83,1669880037.83,1669880037.83,1669880037.83,1669880037.83,1669880037.83,1669880037.83,1669880037.83,1669880037.83,1669880037.83,1669880037.83,1669880037.83,1669880037.83
process_virtual_memory_bytes&carts:80&cart,1909891072,1915154432,1915154432,1915154432,1915154432,1915154432,1915154432,1915154432,1915154432,1915154432,1915154432,1915154432,1915154432,1915154432,1915154432,1915154432,1915154432,1915154432,1915154432
process_virtual_memory_bytes&catalogue:80&catalogue,19750912,22470656,22470656,22470656,22470656,22470656,22470656,22470656,22470656,22470656,22470656,22470656,22470656,22470656,22470656,22470656,22470656,22470656,22470656
process_virtual_memory_bytes&edge-router:80&frontend,606708000,606708000,607732000,607732000,608756000,608756000,608756000,608756000,608756000,608756000,608756000,608756000,608756000,608756000,608756000,617164000,625412000,624388000,624592000
process_virtual_memory_bytes&orders:80&orders,1875038208,1880301568,1880301568,1880301568,1880301568,1880301568,1880301568,1880301568,1880301568,1880301568,1880301568,1880301568,1880301568,1880301568,1880301568,1880301568,1880301568,1880301568,1880301568
process_virtual_memory_bytes&payment:80&payment,20029440,21962752,21962752,21962752,21962752,21962752,21962752,21962752,21962752,21962752,21962752,21962752,21962752,21962752,21962752,21962752,21962752,21962752,21962752
process_virtual_memory_bytes&shipping:80&shipping,1887924224,1892134912,1892134912,1892134912,1892134912,1892134912,1892134912,1892134912,1892134912,1892134912,1892134912,1892134912,1892134912,1892134912,1892134912,1892134912,1892134912,1892134912,1892134912
process_virtual_memory_bytes&user:80&user,20082688,22802432,22802432,22802432,22802432,22802432,22802432,22802432,23887872,23887872,23887872,23887872,23887872,23887872,23887872,23887872,23887872,23887872,23887872
processors&carts:80&cart,16,16,16,16,16,16,16,16,16,16,16,16,16,16,16,16,16,16,16
processors&orders:80&orders,16,16,16,16,16,16,16,16,16,16,16,16,16,16,16,16,16,16,16
processors&shipping:80&shipping,16,16,16,16,16,16,16,16,16,16,16,16,16,16,16,16,16,16,16
request_duration_seconds_bucket&catalogue:80&false&catalogue&+Inf&GET&metrics&&200,4,16,28,40,52,64,76,88,100,112,124,136,148,160,172,184,196,208,220
request_duration_seconds_bucket&catalogue:80&false&catalogue&0.005&GET&metrics&&200,4,16,28,40,52,64,76,88,100,112,124,136,148,160,172,184,196,208,220
request_duration_seconds_bucket&catalogue:80&false&catalogue&0.01&GET&metrics&&200,4,16,28,40,52,64,76,88,100,112,124,136,148,160,172,184,196,208,220
request_duration_seconds_bucket&catalogue:80&false&catalogue&0.025&GET&metrics&&200,4,16,28,40,52,64,76,88,100,112,124,136,148,160,172,184,196,208,220
request_duration_seconds_bucket&catalogue:80&false&catalogue&0.05&GET&metrics&&200,4,16,28,40,52,64,76,88,100,112,124,136,148,160,172,184,196,208,220
request_duration_seconds_bucket&catalogue:80&false&catalogue&0.1&GET&metrics&&200,4,16,28,40,52,64,76,88,100,112,124,136,148,160,172,184,196,208,220
request_duration_seconds_bucket&catalogue:80&false&catalogue&0.25&GET&metrics&&200,4,16,28,40,52,64,76,88,100,112,124,136,148,160,172,184,196,208,220
request_duration_seconds_bucket&catalogue:80&false&catalogue&0.5&GET&metrics&&200,4,16,28,40,52,64,76,88,100,112,124,136,148,160,172,184,196,208,220
request_duration_seconds_bucket&catalogue:80&false&catalogue&1&GET&metrics&&200,4,16,28,40,52,64,76,88,100,112,124,136,148,160,172,184,196,208,220
request_duration_seconds_bucket&catalogue:80&false&catalogue&10&GET&metrics&&200,4,16,28,40,52,64,76,88,100,112,124,136,148,160,172,184,196,208,220
request_duration_seconds_bucket&catalogue:80&false&catalogue&2.5&GET&metrics&&200,4,16,28,40,52,64,76,88,100,112,124,136,148,160,172,184,196,208,220
request_duration_seconds_bucket&catalogue:80&false&catalogue&5&GET&metrics&&200,4,16,28,40,52,64,76,88,100,112,124,136,148,160,172,184,196,208,220
request_duration_seconds_bucket&edge-router:80&&frontend&+Inf&get&/basket.html&front-end&200,2759,11592,22019,33808
request_duration_seconds_bucket&edge-router:80&&frontend&+Inf&get&/category.html&front-end&200,5524,23186,44310,67934
request_duration_seconds_bucket&edge-router:80&&frontend&+Inf&get&/detail.html&front-end&200,2760,11592,22079,33867
request_duration_seconds_bucket&edge-router:80&&frontend&+Inf&get&/index.html&front-end&200,2915,11744,22747,34601
request_duration_seconds_bucket&edge-router:80&&frontend&0.005&get&/basket.html&front-end&200,2674,11502,18962,24919
request_duration_seconds_bucket&edge-router:80&&frontend&0.005&get&/category.html&front-end&200,5295,22952,38689,52160
request_duration_seconds_bucket&edge-router:80&&frontend&0.005&get&/detail.html&front-end&200,2663,11489,19389,25976
request_duration_seconds_bucket&edge-router:80&&frontend&0.005&get&/index.html&front-end&200,2695,11520,19723,26416
request_duration_seconds_bucket&edge-router:80&&frontend&0.01&get&/basket.html&front-end&200,2757,11590,21891,33439
request_duration_seconds_bucket&edge-router:80&&frontend&0.01&get&/category.html&front-end&200,5453,23113,44005,67276
request_duration_seconds_bucket&edge-router:80&&frontend&0.01&get&/detail.html&front-end&200,2756,11587,21973,33576
request_duration_seconds_bucket&edge-router:80&&frontend&0.01&get&/index.html&front-end&200,2757,11586,22515,34222
request_duration_seconds_bucket&edge-router:80&&frontend&0.025&get&/basket.html&front-end&200,2759,11592,22019,33808
request_duration_seconds_bucket&edge-router:80&&frontend&0.025&get&/category.html&front-end&200,5524,23186,44310,67934
request_duration_seconds_bucket&edge-router:80&&frontend&0.025&get&/detail.html&front-end&200,2760,11592,22079,33867
request_duration_seconds_bucket&edge-router:80&&frontend&0.025&get&/index.html&front-end&200,2863,11692,22695,34549
request_duration_seconds_bucket&edge-router:80&&frontend&0.05&get&/basket.html&front-end&200,2759,11592,22019,33808
request_duration_seconds_bucket&edge-router:80&&frontend&0.05&get&/category.html&front-end&200,5524,23186,44310,67934
request_duration_seconds_bucket&edge-router:80&&frontend&0.05&get&/detail.html&front-end&200,2760,11592,22079,33867
request_duration_seconds_bucket&edge-router:80&&frontend&0.05&get&/index.html&front-end&200,2865,11694,22697,34551
request_duration_seconds_bucket&edge-router:80&&frontend&0.1&get&/basket.html&front-end&200,2759,11592,22019,33808
request_duration_seconds_bucket&edge-router:80&&frontend&0.1&get&/category.html&front-end&200,5524,23186,44310,67934
request_duration_seconds_bucket&edge-router:80&&frontend&0.1&get&/detail.html&front-end&200,2760,11592,22079,33867
request_duration_seconds_bucket&edge-router:80&&frontend&0.1&get&/index.html&front-end&200,2865,11694,22697,34551
request_duration_seconds_bucket&edge-router:80&&frontend&0.25&get&/basket.html&front-end&200,2759,11592,22019,33808
request_duration_seconds_bucket&edge-router:80&&frontend&0.25&get&/category.html&front-end&200,5524,23186,44310,67934
request_duration_seconds_bucket&edge-router:80&&frontend&0.25&get&/detail.html&front-end&200,2760,11592,22079,33867
request_duration_seconds_bucket&edge-router:80&&frontend&0.25&get&/index.html&front-end&200,2915,11744,22747,34601
request_duration_seconds_bucket&edge-router:80&&frontend&0.5&get&/basket.html&front-end&200,2759,11592,22019,33808
request_duration_seconds_bucket&edge-router:80&&frontend&0.5&get&/category.html&front-end&200,5524,23186,44310,67934
request_duration_seconds_bucket&edge-router:80&&frontend&0.5&get&/detail.html&front-end&200,2760,11592,22079,33867
request_duration_seconds_bucket&edge-router:80&&frontend&0.5&get&/index.html&front-end&200,2915,11744,22747,34601
request_duration_seconds_bucket&edge-router:80&&frontend&1&get&/basket.html&front-end&200,2759,11592,22019,33808
request_duration_seconds_bucket&edge-router:80&&frontend&1&get&/category.html&front-end&200,5524,23186,44310,67934
request_duration_seconds_bucket&edge-router:80&&frontend&1&get&/detail.html&front-end&200,2760,11592,22079,33867
request_duration_seconds_bucket&edge-router:80&&frontend&1&get&/index.html&front-end&200,2915,11744,22747,34601
request_duration_seconds_bucket&edge-router:80&&frontend&10&get&/basket.html&front-end&200,2759,11592,22019,33808
request_duration_seconds_bucket&edge-router:80&&frontend&10&get&/category.html&front-end&200,5524,23186,44310,67934
request_duration_seconds_bucket&edge-router:80&&frontend&10&get&/detail.html&front-end&200,2760,11592,22079,33867
request_duration_seconds_bucket&edge-router:80&&frontend&10&get&/index.html&front-end&200,2915,11744,22747,34601
request_duration_seconds_bucket&edge-router:80&&frontend&2.5&get&/basket.html&front-end&200,2759,11592,22019,33808
request_duration_seconds_bucket&edge-router:80&&frontend&2.5&get&/category.html&front-end&200,5524,23186,44310,67934
request_duration_seconds_bucket&edge-router:80&&frontend&2.5&get&/detail.html&front-end&200,2760,11592,22079,33867
request_duration_seconds_bucket&edge-router:80&&frontend&2.5&get&/index.html&front-end&200,2915,11744,22747,34601
request_duration_seconds_bucket&edge-router:80&&frontend&5&get&/basket.html&front-end&200,2759,11592,22019,33808
request_duration_seconds_bucket&edge-router:80&&frontend&5&get&/category.html&front-end&200,5524,23186,44310,67934
request_duration_seconds_bucket&edge-router:80&&frontend&5&get&/detail.html&front-end&200,2760,11592,22079,33867
request_duration_seconds_bucket&edge-router:80&&frontend&5&get&/index.html&front-end&200,2915,11744,22747,34601
request_duration_seconds_bucket&payment:80&false&payment&+Inf&GET&metrics&&200,4,16,28,40,52,64,76,88,100,112,124,136,148,160,172,184,196,208,220
request_duration_seconds_bucket&payment:80&false&payment&0.005&GET&metrics&&200,4,16,28,40,52,64,76,88,100,112,124,136,148,160,172,184,196,208,220
request_duration_seconds_bucket&payment:80&false&payment&0.01&GET&metrics&&200,4,16,28,40,52,64,76,88,100,112,124,136,148,160,172,184,196,208,220
request_duration_seconds_bucket&payment:80&false&payment&0.025&GET&metrics&&200,4,16,28,40,52,64,76,88,100,112,124,136,148,160,172,184,196,208,220
request_duration_seconds_bucket&payment:80&false&payment&0.05&GET&metrics&&200,4,16,28,40,52,64,76,88,100,112,124,136,148,160,172,184,196,208,220
request_duration_seconds_bucket&payment:80&false&payment&0.1&GET&metrics&&200,4,16,28,40,52,64,76,88,100,112,124,136,148,160,172,184,196,208,220
request_duration_seconds_bucket&payment:80&false&payment&0.25&GET&metrics&&200,4,16,28,40,52,64,76,88,100,112,124,136,148,160,172,184,196,208,220
request_duration_seconds_bucket&payment:80&false&payment&0.5&GET&metrics&&200,4,16,28,40,52,64,76,88,100,112,124,136,148,160,172,184,196,208,220
request_duration_seconds_bucket&payment:80&false&payment&1&GET&metrics&&200,4,16,28,40,52,64,76,88,100,112,124,136,148,160,172,184,196,208,220
request_duration_seconds_bucket&payment:80&false&payment&10&GET&metrics&&200,4,16,28,40,52,64,76,88,100,112,124,136,148,160,172,184,196,208,220
request_duration_seconds_bucket&payment:80&false&payment&2.5&GET&metrics&&200,4,16,28,40,52,64,76,88,100,112,124,136,148,160,172,184,196,208,220
request_duration_seconds_bucket&payment:80&false&payment&5&GET&metrics&&200,4,16,28,40,52,64,76,88,100,112,124,136,148,160,172,184,196,208,220
request_duration_seconds_bucket&user:80&false&user&+Inf&GET&metrics&&200,4,16,28,40,52,64,76,88,100,112,124,136,148,160,172,184,196,208,220
request_duration_seconds_bucket&user:80&false&user&0.005&GET&metrics&&200,4,16,28,40,52,64,76,88,100,112,124,136,148,160,172,184,196,208,220
request_duration_seconds_bucket&user:80&false&user&0.01&GET&metrics&&200,4,16,28,40,52,64,76,88,100,112,124,136,148,160,172,184,196,208,220
request_duration_seconds_bucket&user:80&false&user&0.025&GET&metrics&&200,4,16,28,40,52,64,76,88,100,112,124,136,148,160,172,184,196,208,220
request_duration_seconds_bucket&user:80&false&user&0.05&GET&metrics&&200,4,16,28,40,52,64,76,88,100,112,124,136,148,160,172,184,196,208,220
request_duration_seconds_bucket&user:80&false&user&0.1&GET&metrics&&200,4,16,28,40,52,64,76,88,100,112,124,136,148,160,172,184,196,208,220
request_duration_seconds_bucket&user:80&false&user&0.25&GET&metrics&&200,4,16,28,40,52,64,76,88,100,112,124,136,148,160,172,184,196,208,220
request_duration_seconds_bucket&user:80&false&user&0.5&GET&metrics&&200,4,16,28,40,52,64,76,88,100,112,124,136,148,160,172,184,196,208,220
request_duration_seconds_bucket&user:80&false&user&1&GET&metrics&&200,4,16,28,40,52,64,76,88,100,112,124,136,148,160,172,184,196,208,220
request_duration_seconds_bucket&user:80&false&user&10&GET&metrics&&200,4,16,28,40,52,64,76,88,100,112,124,136,148,160,172,184,196,208,220
request_duration_seconds_bucket&user:80&false&user&2.5&GET&metrics&&200,4,16,28,40,52,64,76,88,100,112,124,136,148,160,172,184,196,208,220
request_duration_seconds_bucket&user:80&false&user&5&GET&metrics&&200,4,16,28,40,52,64,76,88,100,112,124,136,148,160,172,184,196,208,220
request_duration_seconds_count&catalogue:80&false&catalogue&GET&metrics&&200,4,16,28,40,52,64,76,88,100,112,124,136,148,160,172,184,196,208,220
request_duration_seconds_count&edge-router:80&&frontend&get&/basket.html&front-end&200,2759,11592,22019,33808
request_duration_seconds_count&edge-router:80&&frontend&get&/category.html&front-end&200,5524,23186,44310,67934
request_duration_seconds_count&edge-router:80&&frontend&get&/detail.html&front-end&200,2760,11592,22079,33867
request_duration_seconds_count&edge-router:80&&frontend&get&/index.html&front-end&200,2915,11744,22747,34601
request_duration_seconds_count&payment:80&false&payment&GET&metrics&&200,4,16,28,40,52,64,76,88,100,112,124,136,148,160,172,184,196,208,220
request_duration_seconds_count&user:80&false&user&GET&metrics&&200,4,16,28,40,52,64,76,88,100,112,124,136,148,160,172,184,196,208,220
request_duration_seconds_sum&catalogue:80&false&catalogue&GET&metrics&&200,0.003938906,0.014007418000000004,0.024573276000000005,0.035186822000000006,0.04523480800000001,0.05571087500000001,0.066123494,0.076597211,0.08710078800000003,0.09741879100000003,0.10771781700000002,0.11809802200000004,0.128523886,0.138805044,0.149536656,0.16087438900000003,0.17232673400000004,0.18487236300000004,0.199792913
request_duration_seconds_sum&edge-router:80&&frontend&get&/basket.html&front-end&200,2.0117531279999983,5.738274383999994,39.474474895000185,99.43594199400002
request_duration_seconds_sum&edge-router:80&&frontend&get&/category.html&front-end&200,4.818631767000005,12.025991282999977,77.3204352750003,190.5502998590006
request_duration_seconds_sum&edge-router:80&&frontend&get&/detail.html&front-end&200,2.0599756179999993,5.569826818000015,37.90460042599989,94.87948570499972
request_duration_seconds_sum&edge-router:80&&frontend&get&/index.html&front-end&200,8.893600496999996,12.86919173800009,46.99468812800012,104.7158749970006
request_duration_seconds_sum&payment:80&false&payment&GET&metrics&&200,0.004089958,0.014397406000000001,0.024877877,0.03519077400000001,0.045349236000000015,0.05574588200000001,0.06563686700000002,0.075811326,0.08610159099999999,0.095841704,0.10593586399999999,0.11612478300000001,0.126452616,0.13672026699999998,0.14845507799999996,0.15853133299999997,0.16930925299999994,0.181966004,0.19814938299999998
request_duration_seconds_sum&user:80&false&user&GET&metrics&&200,0.004011379,0.015033504000000003,0.024850431000000003,0.034266098,0.044292367,0.05383492699999999,0.06294582400000001,0.07266024700000003,0.08366165900000001,0.09433578700000002,0.104359123,0.11472508199999999,0.12516413399999998,0.13540516600000002,0.14580124200000005,0.15663415800000002,0.16853698700000003,0.18144941699999997,0.19397431999999998
scrape_duration_seconds&carts:80&cart,0.003930806,0.001973543,0.001898903,0.001805774,0.001675804,0.001722371,0.002072574,0.001842063,0.001662972,0.001641234,0.001585303,0.001562992,0.001660964,0.001452612,0.001485383,0.001785562,0.001566063,0.002074664,0.002137753
scrape_duration_seconds&catalogue:80&catalogue,0.001056772,0.001099933,0.000960153,0.000981321,0.00110019,0.000966341,0.001131332,0.001038341,0.000987642,0.001099102,0.001044341,0.001054892,0.001021532,0.001034162,0.001197872,0.001438234,0.001144381,0.001327232,0.001539254
scrape_duration_seconds&edge-router:80&frontend,0.001360703,0.004047636,0.001048462,0.001595013,0.001177213,0.001088081,0.001580314,0.001129572,0.001117412,0.001026621,0.001151612,0.001408093,0.001086011,0.001013722,0.001139182,0.001606304,0.001738613,0.002663994,0.001444633
scrape_duration_seconds&nodeexporter:9100&node-exporter,5.000536947,5.000874927,5.001017007,5.000881467,5.000119426,5.000351356,5.000181467,5.000955367,5.000782086,5.000384937,5.000051687,5.001136289,5.000380527,5.000053506,5.001099788,5.000622267,5.000425006,5.000685318,5.000469817
scrape_duration_seconds&orders:80&orders,0.004170935,0.002016044,0.002228942,0.001702313,0.001605151,0.001565452,0.001791479,0.001668892,0.002055374,0.001545903,0.001498122,0.001356053,0.001477473,0.001377853,0.001374682,0.001942044,0.001512763,0.002333923,0.002380275
scrape_duration_seconds&payment:80&payment,0.001240282,0.001040302,0.001191413,0.000961973,0.001537514,0.001114952,0.000972062,0.001075651,0.000949781,0.001016691,0.00104604,0.001103222,0.001200432,0.001034802,0.000982472,0.001161992,0.001052512,0.001289853,0.001484682
scrape_duration_seconds&queue-master:80&queue-master,0.002147634,0.001524592,0.001632863,0.001602124,0.001466912,0.001312593,0.001956192,0.001421982,0.001600354,0.001317343,0.001347091,0.001347453,0.001272701,0.001228942,0.001138572,0.001632324,0.001872543,0.001575443,0.001970963
scrape_duration_seconds&shipping:80&shipping,0.003241465,0.001905264,0.001890884,0.001837663,0.001868013,0.001687413,0.002299642,0.001629304,0.001866742,0.001971282,0.001725721,0.001703273,0.001639001,0.001471082,0.001750243,0.001814603,0.00671471,0.001571252,0.001909314
scrape_duration_seconds&user:80&user,0.001237923,0.001018151,0.001088273,0.001046822,0.001101442,0.001114882,0.000980261,0.001082461,0.001214241,0.001162152,0.001058271,0.001172641,0.001089342,0.001090542,0.001087972,0.001275212,0.001328761,0.001474483,0.001576822
scrape_samples_post_metric_relabeling&carts:80&cart,73,73,73,73,73,73,73,73,73,73,73,73,73,73,73,73,73,73,73
scrape_samples_post_metric_relabeling&catalogue:80&catalogue,51,51,51,51,51,51,51,51,51,51,51,51,51,51,51,51,51,51,51
scrape_samples_post_metric_relabeling&edge-router:80&frontend,14,14,14,14,14,14,14,14,14,14,14,14,14,14,14,70,70,70,70
scrape_samples_post_metric_relabeling&nodeexporter:9100&node-exporter,0,0,0,0,0,0,0,0,0,0,0,0,0,0,0,0,0,0,0
scrape_samples_post_metric_relabeling&orders:80&orders,73,73,73,73,73,73,73,73,73,73,73,73,73,73,73,73,73,73,73
scrape_samples_post_metric_relabeling&payment:80&payment,51,51,51,51,51,51,51,51,51,51,51,51,51,51,51,51,51,51,51
scrape_samples_post_metric_relabeling&queue-master:80&queue-master,2,2,2,2,2,2,2,2,2,2,2,2,2,2,2,2,2,2,2
scrape_samples_post_metric_relabeling&shipping:80&shipping,73,73,73,73,73,73,73,73,73,73,73,73,73,73,73,73,73,73,73
scrape_samples_post_metric_relabeling&user:80&user,51,51,51,51,51,51,51,51,51,51,51,51,51,51,51,51,51,51,51
scrape_samples_scraped&carts:80&cart,73,73,73,73,73,73,73,73,73,73,73,73,73,73,73,73,73,73,73
scrape_samples_scraped&catalogue:80&catalogue,51,51,51,51,51,51,51,51,51,51,51,51,51,51,51,51,51,51,51
scrape_samples_scraped&edge-router:80&frontend,14,14,14,14,14,14,14,14,14,14,14,14,14,14,14,70,70,70,70
scrape_samples_scraped&nodeexporter:9100&node-exporter,0,0,0,0,0,0,0,0,0,0,0,0,0,0,0,0,0,0,0
scrape_samples_scraped&orders:80&orders,73,73,73,73,73,73,73,73,73,73,73,73,73,73,73,73,73,73,73
scrape_samples_scraped&payment:80&payment,51,51,51,51,51,51,51,51,51,51,51,51,51,51,51,51,51,51,51
scrape_samples_scraped&queue-master:80&queue-master,2,2,2,2,2,2,2,2,2,2,2,2,2,2,2,2,2,2,2
scrape_samples_scraped&shipping:80&shipping,73,73,73,73,73,73,73,73,73,73,73,73,73,73,73,73,73,73,73
scrape_samples_scraped&user:80&user,51,51,51,51,51,51,51,51,51,51,51,51,51,51,51,51,51,51,51
scrape_series_added&carts:80&cart,0,0,0,0,0,0,0,0,0,0,0,0,0,0,0,0,0,0,0
scrape_series_added&catalogue:80&catalogue,0,0,0,0,0,0,0,0,0,0,0,0,0,0,0,0,0,0,0
scrape_series_added&edge-router:80&frontend,0,0,0,0,0,0,0,0,0,0,0,0,0,0,0,0,0,0,0
scrape_series_added&nodeexporter:9100&node-exporter,0,0,0,0,0,0,0,0,0,0,0,0,0,0,0,0,0,0,0
scrape_series_added&orders:80&orders,0,0,0,0,0,0,0,0,0,0,0,0,0,0,0,0,0,0,0
scrape_series_added&payment:80&payment,0,0,0,0,0,0,0,0,0,0,0,0,0,0,0,0,0,0,0
scrape_series_added&queue-master:80&queue-master,0,0,0,0,0,0,0,0,0,0,0,0,0,0,0,0,0,0,0
scrape_series_added&shipping:80&shipping,0,0,0,0,0,0,0,0,0,0,0,0,0,0,0,0,0,0,0
scrape_series_added&user:80&user,0,0,0,0,0,0,0,0,0,0,0,0,0,0,0,0,0,0,0
systemload_average&carts:80&cart,0.81884765625,0.29833984375,0.10791015625,0.0380859375,0.01220703125,0.0029296875,0,0,0,0,0,0,0,0,0,1.7158203125,1.7470703125,3.38232421875,4.40625
systemload_average&orders:80&orders,0.81884765625,0.29833984375,0.10791015625,0.0380859375,0.01220703125,0.0029296875,0,0,0,0,0,0,0,0,0,1.7158203125,1.7470703125,3.38232421875,4.40625
systemload_average&shipping:80&shipping,0.81884765625,0.29833984375,0.10791015625,0.0380859375,0.01220703125,0.0029296875,0,0,0,0,0,0,0,0,0,1.7158203125,1.7470703125,3.38232421875,4.40625
threads&carts:80&cart,18,23,23,23,23,23,23,23,23,23,23,23,23,23,23,23,23,23,23
threads&orders:80&orders,18,23,23,23,23,23,23,23,23,23,23,23,23,23,23,23,23,23,23
threads&shipping:80&shipping,17,21,21,21,21,21,21,21,21,21,21,21,21,21,21,21,21,21,21
threads_daemon&carts:80&cart,16,21,21,21,21,21,21,21,21,21,21,21,21,21,21,21,21,21,21
threads_daemon&orders:80&orders,16,21,21,21,21,21,21,21,21,21,21,21,21,21,21,21,21,21,21
threads_daemon&shipping:80&shipping,15,19,19,19,19,19,19,19,19,19,19,19,19,19,19,19,19,19,19
threads_peak&carts:80&cart,18,23,23,23,23,23,23,23,23,23,23,23,23,23,23,23,23,23,23
threads_peak&orders:80&orders,18,23,23,23,23,23,23,23,23,23,23,23,23,23,23,23,23,23,23
threads_peak&shipping:80&shipping,17,21,21,21,21,21,21,21,21,21,21,21,21,21,21,21,21,21,21
threads_totalStarted&carts:80&cart,25,30,30,30,30,30,30,30,30,30,30,30,30,30,30,30,30,30,30
threads_totalStarted&orders:80&orders,25,30,30,30,30,30,30,30,30,30,30,30,30,30,30,30,30,30,30
threads_totalStarted&shipping:80&shipping,24,28,28,28,28,28,28,28,28,28,28,28,28,28,28,28,28,28,28
up&carts:80&cart,1,1,1,1,1,1,1,1,1,1,1,1,1,1,1,1,1,1,1
up&catalogue:80&catalogue,1,1,1,1,1,1,1,1,1,1,1,1,1,1,1,1,1,1,1
up&edge-router:80&frontend,1,1,1,1,1,1,1,1,1,1,1,1,1,1,1,1,1,1,1
up&nodeexporter:9100&node-exporter,0,0,0,0,0,0,0,0,0,0,0,0,0,0,0,0,0,0,0
up&orders:80&orders,1,1,1,1,1,1,1,1,1,1,1,1,1,1,1,1,1,1,1
up&payment:80&payment,1,1,1,1,1,1,1,1,1,1,1,1,1,1,1,1,1,1,1
up&queue-master:80&queue-master,1,1,1,1,1,1,1,1,1,1,1,1,1,1,1,1,1,1,1
up&shipping:80&shipping,1,1,1,1,1,1,1,1,1,1,1,1,1,1,1,1,1,1,1
up&user:80&user,1,1,1,1,1,1,1,1,1,1,1,1,1,1,1,1,1,1,1
uptime&carts:80&cart,138907,198906,258906,318905,378906,438906,498906,563906,623906,683906,743905,803905,863906,923905,983905,1043906,1103906,1163906,1223906
uptime&orders:80&orders,137150,197150,257150,317149,377149,437149,497149,562149,622149,682149,742148,802149,862149,922149,982149,1042149,1102149,1162149,1222150
uptime&shipping:80&shipping,141574,201573,261573,321573,381573,441573,501573,561573,621573,681573,741573,801573,861573,921572,981573,1041573,1101573,1161572,1221573
